,PCS_OFF_ID,tip_id,matched_tip_id
0,1696115.0,,1
1,1060886.0,,1
2,1501252.0,,1
3,1488684.0,,1
4,1045147.0,,4
5,1878710.0,,4
6,1597163.0,,4
7,1551261.0,,4
8,1601886.0,,5
9,820753.0,,5
10,444983.0,,5
11,1684965.0,,5
12,329368.0,,6
13,400178.0,,6
14,1394862.0,,6
15,905755.0,,6
16,1118249.0,,7
17,1461949.0,,7
18,1784720.0,,9
19,1479167.0,,9
20,1611585.0,,9
21,1826052.0,,9
22,1092499.0,,11
23,1876301.0,,11
24,1020306.0,,11
25,856904.0,,11
26,1647629.0,,12
27,1433321.0,,12
28,1893793.0,,12
29,1258024.0,,12
30,344364.0,,14
31,1340210.0,,14
32,863836.0,,14
33,419659.0,,14
34,263243.0,,15
35,234257.0,,15
36,833850.0,,15
37,1571124.0,,15
38,1662444.0,,18
39,1900950.0,,18
40,1431363.0,,19
41,1414430.0,,19
42,1775798.0,,19
43,1208448.0,,21
44,941745.0,,23
45,789973.0,,23
46,524129.0,,23
47,713721.0,,23
48,1378373.0,,24
49,1889811.0,,24
50,1332516.0,,27
51,1365128.0,,27
52,1436929.0,,27
53,1009900.0,,27
54,902642.0,,28
55,1908763.0,,28
56,844003.0,,28
57,689731.0,,28
58,1749852.0,,29
59,1902712.0,,29
60,1203466.0,,29
61,1185945.0,,29
62,1513741.0,,30
63,1500899.0,,30
64,1377826.0,,30
65,1891203.0,,30
66,1665993.0,,31
67,467853.0,,31
68,447952.0,,31
69,1660733.0,,31
70,1408997.0,,32
71,1299368.0,,32
72,1567369.0,,32
73,1002170.0,,32
74,306308.0,,33
75,697901.0,,33
76,306054.0,,33
77,426479.0,,33
78,293743.0,,34
79,214600.0,,34
80,253306.0,,34
81,893706.0,,34
82,1834898.0,,36
83,1829737.0,,36
84,233384.0,,36
85,1403640.0,,36
86,1248812.0,,37
87,1464270.0,,37
88,1803288.0,,37
89,1864891.0,,37
90,684706.0,,38
91,1177469.0,,39
92,1606556.0,,39
93,1025096.0,,39
94,1866097.0,,39
95,220373.0,,40
96,1160890.0,,40
97,1783167.0,,40
98,1654494.0,,40
99,179089.0,,41
100,1018064.0,,43
101,1665062.0,,43
102,1700653.0,,43
103,275612.0,,43
104,124400.0,,44
105,222343.0,,44
106,327115.0,,44
107,1692913.0,,44
108,1025058.0,,46
109,1060216.0,,46
110,1326216.0,,46
111,1284011.0,,46
112,1080450.0,,48
113,1802316.0,,48
114,1877988.0,,48
115,1626071.0,,48
116,1659237.0,,49
117,457125.0,,49
118,859476.0,,49
119,434097.0,,49
120,1765124.0,,50
121,908152.0,,50
122,1207083.0,,50
123,1832622.0,,50
124,1115247.0,,51
125,1207709.0,,51
126,671433.0,,51
127,1557902.0,,51
128,1306529.0,,52
129,1287599.0,,53
130,1321229.0,,53
131,1411936.0,,53
132,1794220.0,,53
133,871606.0,,57
134,424247.0,,57
135,482282.0,,57
136,873713.0,,57
137,879849.0,,59
138,827799.0,,59
139,898413.0,,59
140,844682.0,,60
141,1742443.0,,60
142,1679231.0,,60
143,761687.0,,60
144,1072558.0,,62
145,1538384.0,,62
146,1404252.0,,62
147,157353.0,,62
148,1068527.0,,63
149,166334.0,,63
150,1616479.0,,63
151,1749456.0,,63
152,1557304.0,,64
153,1377449.0,,64
154,1632618.0,,64
155,1660460.0,,64
156,1013335.0,,65
157,1622840.0,,65
158,1597813.0,,66
159,418044.0,,66
160,1549569.0,,66
161,1075226.0,,66
162,1515423.0,,67
163,225303.0,,67
164,1798358.0,,67
165,1236845.0,,67
166,1186822.0,,68
167,478776.0,,69
168,158251.0,,69
169,139996.0,,69
170,1325180.0,,69
171,1292057.0,,70
172,1840242.0,,70
173,1062770.0,,70
174,1501090.0,,70
175,263897.0,,71
176,732972.0,,71
177,298238.0,,71
178,918403.0,,71
179,1153870.0,,72
180,1312284.0,,72
181,314673.0,,72
182,876451.0,,72
183,1411463.0,,73
184,673083.0,,73
185,784271.0,,73
186,1467292.0,,73
187,771937.0,,76
188,841243.0,,76
189,710896.0,,76
190,453264.0,,76
191,398330.0,,77
192,1372196.0,,79
193,1510356.0,,79
194,823814.0,,79
195,1396399.0,,79
196,1067582.0,,80
197,1788951.0,,81
198,1251421.0,,81
199,1515693.0,,81
200,1494612.0,,81
201,1051627.0,,82
202,1203952.0,,82
203,310085.0,,82
204,1613749.0,,82
205,1461053.0,,83
206,804870.0,,83
207,1789295.0,,83
208,1873143.0,,83
209,209546.0,,85
210,725556.0,,85
211,858003.0,,86
212,1398829.0,,86
213,1778144.0,,86
214,1766643.0,,86
215,1356726.0,,88
216,271033.0,,89
217,174231.0,,89
218,308305.0,,89
219,330828.0,,89
220,862633.0,,90
221,304799.0,,90
222,446278.0,,90
223,445629.0,,90
224,1089179.0,,91
225,1642517.0,,91
226,768633.0,,91
227,1079397.0,,91
228,1893792.0,,92
229,365090.0,,92
230,1527262.0,,92
231,368582.0,,92
232,681224.0,,93
233,1721052.0,,93
234,664443.0,,93
235,427520.0,,93
236,1909257.0,,95
237,1165230.0,,95
238,1339681.0,,95
239,1732248.0,,95
240,1756924.0,,97
241,1911109.0,,97
242,1588839.0,,97
243,1636817.0,,97
244,1017505.0,,98
245,1647630.0,,98
246,1810390.0,,98
247,1122271.0,,98
248,1908779.0,,99
249,,1478.0,99
250,496808.0,,99
251,1735031.0,,99
252,316013.0,,100
253,681312.0,,100
254,425348.0,,100
255,949186.0,,100
256,367230.0,,101
257,286393.0,,101
258,697904.0,,101
259,288703.0,,101
260,1209516.0,,102
261,382200.0,,102
262,822672.0,,102
263,1540373.0,,102
264,1371668.0,,104
265,1828418.0,,104
266,253091.0,,104
267,1886696.0,,104
268,69532.0,,105
269,1557467.0,,105
270,1875767.0,,105
271,113302.0,,105
272,1290005.0,,108
273,1098181.0,,108
274,1806252.0,,108
275,863184.0,,108
276,1523411.0,,109
277,147225.0,,111
278,1385935.0,,111
279,890489.0,,111
280,1903687.0,,111
281,293200.0,,112
282,1675855.0,,112
283,240164.0,,112
284,730175.0,,112
285,50263.0,,115
286,74083.0,,115
287,1503636.0,,115
288,1035310.0,,115
289,698804.0,,117
290,292406.0,,117
291,386237.0,,117
292,487394.0,,117
293,1757583.0,,118
294,1163194.0,,118
295,597344.0,,118
296,1886126.0,,118
297,1409389.0,,119
298,922370.0,,119
299,956565.0,,119
300,1285963.0,,119
301,1158655.0,,120
302,890750.0,,120
303,847697.0,,120
304,873940.0,,120
305,850503.0,,121
306,1641174.0,,121
307,863897.0,,121
308,685786.0,,121
309,1342461.0,,122
310,923397.0,,123
311,680867.0,,123
312,487779.0,,123
313,1648174.0,,123
314,333247.0,,125
315,173025.0,,125
316,910925.0,,125
317,1067581.0,,125
318,1814772.0,,126
319,1165952.0,,126
320,1747685.0,,126
321,1774882.0,,126
322,1009169.0,,127
323,1761070.0,,127
324,1496713.0,,127
325,1866562.0,,127
326,1273517.0,,129
327,1456495.0,,129
328,1346657.0,,129
329,1682973.0,,129
330,1172795.0,,130
331,1111091.0,,130
332,1219032.0,,130
333,1583302.0,,130
334,887424.0,,131
335,1618960.0,,131
336,936715.0,,131
337,860674.0,,131
338,773337.0,,132
339,1671408.0,,133
340,319081.0,,133
341,1646040.0,,133
342,1705518.0,,133
343,1306089.0,,134
344,1210690.0,,134
345,1227158.0,,134
346,844473.0,,134
347,1363672.0,,135
348,1555699.0,,135
349,692016.0,,135
350,1891456.0,,135
351,331169.0,,136
352,1304470.0,,136
353,1102363.0,,136
354,1112536.0,,136
355,923725.0,,137
356,1255671.0,,137
357,179102.0,,137
358,1497125.0,,137
359,1429746.0,,138
360,386240.0,,138
361,388445.0,,138
362,1371555.0,,138
363,369479.0,,140
364,1136355.0,,140
365,1322021.0,,140
366,1734017.0,,140
367,1188451.0,,141
368,1165669.0,,141
369,941642.0,,143
370,1179136.0,,143
371,835304.0,,143
372,1843490.0,,143
373,1336698.0,,144
374,1405035.0,,144
375,1409361.0,,144
376,1590625.0,,144
377,853065.0,,145
378,1838505.0,,145
379,1061019.0,,145
380,900092.0,,145
381,1703344.0,,147
382,1539929.0,,147
383,1890255.0,,147
384,1169919.0,,147
385,924087.0,,148
386,353013.0,,148
387,226318.0,,148
388,361482.0,,148
389,470036.0,,149
390,394726.0,,149
391,906698.0,,149
392,922594.0,,149
393,1004481.0,,150
394,1149809.0,,150
395,836884.0,,150
396,197242.0,,150
397,217843.0,,153
398,1412626.0,,153
399,847576.0,,153
400,1775521.0,,153
401,1329239.0,,154
402,1372985.0,,154
403,1173991.0,,154
404,1604793.0,,154
405,268657.0,,155
406,1518901.0,,155
407,258490.0,,155
408,1887503.0,,155
409,452104.0,,156
410,831468.0,,156
411,737624.0,,156
412,216721.0,,156
413,300728.0,,157
414,863813.0,,157
415,876332.0,,157
416,220666.0,,157
417,1071343.0,,159
418,372114.0,,159
419,1422128.0,,159
420,1706099.0,,159
421,396401.0,,162
422,494547.0,,162
423,1456279.0,,162
424,451307.0,,162
425,789979.0,,163
426,572900.0,,163
427,869983.0,,163
428,148574.0,,164
429,1275408.0,,164
430,131531.0,,164
431,1833005.0,,164
432,1149576.0,,165
433,1078260.0,,165
434,1652403.0,,165
435,1884616.0,,165
436,439023.0,,166
437,1564562.0,,166
438,1345414.0,,166
439,847572.0,,166
440,475320.0,,170
441,1348084.0,,170
442,856916.0,,170
443,1213425.0,,170
444,878997.0,,171
445,1530445.0,,171
446,858867.0,,171
447,365724.0,,171
448,953814.0,,172
449,937365.0,,172
450,757977.0,,172
451,919465.0,,172
452,1502186.0,,173
453,844587.0,,173
454,1530654.0,,173
455,1536420.0,,173
456,1295559.0,,174
457,1747737.0,,174
458,898186.0,,174
459,1753231.0,,174
460,1602485.0,,175
461,1537732.0,,175
462,1804854.0,,178
463,1414766.0,,178
464,1440924.0,,178
465,1913095.0,,178
466,384654.0,,179
467,919959.0,,179
468,1264141.0,,179
469,357206.0,,179
470,1913397.0,,183
471,1834934.0,,183
472,1791618.0,,183
473,1818350.0,,183
474,881749.0,,184
475,1614107.0,,184
476,338224.0,,184
477,356638.0,,184
478,452448.0,,186
479,737746.0,,186
480,457901.0,,186
481,1647394.0,,186
482,1780049.0,,187
483,1725515.0,,187
484,300962.0,,187
485,917616.0,,187
486,1516360.0,,191
487,1090932.0,,191
488,1340768.0,,191
489,1167498.0,,191
490,1750563.0,,195
491,1242418.0,,202
492,1821815.0,,202
493,1659608.0,,202
494,1137452.0,,202
495,1679698.0,,205
496,454334.0,,205
497,913900.0,,205
498,1724409.0,,205
499,272279.0,,209
500,931898.0,,209
501,163716.0,,209
502,1882238.0,,209
503,730896.0,,212
504,1573257.0,,212
505,1288383.0,,212
506,259047.0,,212
507,1598998.0,,213
508,1731577.0,,213
509,1762642.0,,213
510,1021834.0,,213
511,340385.0,,216
512,428907.0,,216
513,1032770.0,,216
514,659691.0,,216
515,670438.0,,217
516,478328.0,,217
517,674212.0,,217
518,1587104.0,,217
519,199278.0,,222
520,1541195.0,,222
521,1022867.0,,222
522,212491.0,,222
523,1084109.0,,223
524,1577583.0,,223
525,216638.0,,223
526,1579578.0,,223
527,940530.0,,226
528,154424.0,,226
529,210719.0,,226
530,844617.0,,226
531,881180.0,,229
532,1399649.0,,229
533,1819953.0,,229
534,927285.0,,229
535,1717358.0,,231
536,1685208.0,,231
537,928990.0,,231
538,1664456.0,,231
539,1177382.0,,234
540,1301772.0,,234
541,1320823.0,,234
542,1780351.0,,234
543,1702462.0,,236
544,366234.0,,236
545,797593.0,,236
546,410461.0,,236
547,1079326.0,,237
548,239592.0,,237
549,1374360.0,,237
550,1440308.0,,237
551,723579.0,,238
552,1207447.0,,240
553,1687328.0,,240
554,120627.0,,240
555,1042833.0,,240
556,884522.0,,242
557,211927.0,,242
558,1308557.0,,242
559,474080.0,,242
560,1583906.0,,244
561,1131818.0,,244
562,1340123.0,,245
563,1226578.0,,245
564,1178774.0,,245
565,1858698.0,,245
566,880821.0,,246
567,1689175.0,,247
568,1211889.0,,247
569,1181618.0,,247
570,1309550.0,,247
571,917730.0,,250
572,1376863.0,,250
573,931095.0,,250
574,1346735.0,,250
575,1536204.0,,256
576,1373800.0,,256
577,1700947.0,,256
578,1068158.0,,256
579,1508764.0,,259
580,1512967.0,,260
581,1503286.0,,260
582,1430050.0,,260
583,1058275.0,,260
584,1908909.0,,261
585,1790768.0,,261
586,1692270.0,,261
587,1171909.0,,261
588,1311181.0,,262
589,1416746.0,,271
590,404242.0,,271
591,356749.0,,271
592,1061284.0,,271
593,1856486.0,,274
594,678684.0,,274
595,1488701.0,,274
596,1909656.0,,274
597,1795120.0,,275
598,1902893.0,,275
599,1307497.0,,275
600,1763690.0,,275
601,175617.0,,278
602,259565.0,,278
603,1826067.0,,278
604,1582381.0,,278
605,1112728.0,,285
606,315867.0,,285
607,1350110.0,,285
608,1244605.0,,285
609,235943.0,,286
610,375015.0,,286
611,807723.0,,286
612,1713367.0,,286
613,724650.0,,288
614,447635.0,,288
615,861993.0,,288
616,805447.0,,288
617,1180922.0,,289
618,1778989.0,,291
619,1041009.0,,291
620,1523378.0,,291
621,1760698.0,,291
622,1037678.0,,295
623,860769.0,,295
624,1290645.0,,295
625,1448930.0,,295
626,857848.0,,297
627,1622952.0,,297
628,689536.0,,298
629,840105.0,,298
630,889443.0,,298
631,793929.0,,298
632,882689.0,,299
633,505958.0,,299
634,850441.0,,299
635,781343.0,,299
636,440268.0,,303
637,1514809.0,,303
638,940063.0,,303
639,439566.0,,304
640,1451902.0,,304
641,202156.0,,304
642,1062449.0,,304
643,1295631.0,,307
644,1360549.0,,307
645,1252447.0,,307
646,1768621.0,,307
647,1038977.0,,313
648,1146883.0,,313
649,1645171.0,,313
650,850581.0,,313
651,1124205.0,,314
652,1082441.0,,314
653,1549449.0,,314
654,1736408.0,,314
655,311707.0,,316
656,1850838.0,,316
657,1209126.0,,316
658,711406.0,,316
659,1296878.0,,319
660,1442307.0,,319
661,1577499.0,,319
662,1803529.0,,319
663,1342638.0,,320
664,1284663.0,,320
665,1812218.0,,320
666,1788453.0,,320
667,1890506.0,,321
668,1372574.0,,322
669,1105457.0,,322
670,1042631.0,,322
671,1133889.0,,322
672,1910280.0,,324
673,1219212.0,,324
674,1673998.0,,324
675,1661715.0,,324
676,1529245.0,,325
677,938824.0,,325
678,1541095.0,,325
679,1608128.0,,325
680,604227.0,,326
681,1335139.0,,326
682,422995.0,,326
683,1038721.0,,326
684,421413.0,,327
685,250554.0,,327
686,1517955.0,,327
687,329690.0,,327
688,400298.0,,328
689,405641.0,,328
690,814930.0,,328
691,830827.0,,328
692,1393246.0,,329
693,1713729.0,,329
694,1651743.0,,329
695,1491702.0,,329
696,1633092.0,,330
697,1882107.0,,330
698,890355.0,,332
699,1403100.0,,332
700,1190205.0,,332
701,1169760.0,,332
702,1175516.0,,333
703,873369.0,,333
704,1802765.0,,333
705,1459841.0,,333
706,1525556.0,,334
707,821075.0,,334
708,921425.0,,334
709,1245576.0,,334
710,1293775.0,,339
711,1162198.0,,339
712,1079430.0,,339
713,863379.0,,339
714,1799930.0,,340
715,1449190.0,,340
716,1746946.0,,340
717,1441100.0,,340
718,1568414.0,,343
719,1052897.0,,343
720,1545474.0,,343
721,1865580.0,,343
722,1130727.0,,344
723,1020683.0,,344
724,1872657.0,,344
725,316655.0,,344
726,910317.0,,346
727,748742.0,,346
728,868981.0,,346
729,953402.0,,346
730,284325.0,,348
731,346039.0,,348
732,812864.0,,348
733,882387.0,,348
734,1475130.0,,349
735,1368875.0,,349
736,289334.0,,349
737,551548.0,,349
738,703010.0,,352
739,535994.0,,352
740,889627.0,,352
741,915703.0,,352
742,1629034.0,,354
743,930076.0,,354
744,919570.0,,354
745,744312.0,,354
746,1260246.0,,356
747,1143955.0,,356
748,92812.0,,356
749,1185976.0,,356
750,1750469.0,,357
751,150914.0,,357
752,850317.0,,357
753,304328.0,,357
754,1102169.0,,358
755,1315155.0,,358
756,1430495.0,,358
757,1479539.0,,358
758,1217603.0,,359
759,1367679.0,,359
760,1683423.0,,359
761,661212.0,,361
762,890804.0,,361
763,840401.0,,361
764,435843.0,,361
765,1179295.0,,363
766,230911.0,,363
767,1619621.0,,363
768,1062318.0,,363
769,1491505.0,,370
770,1366718.0,,370
771,192605.0,,370
772,1319073.0,,370
773,885861.0,,372
774,689499.0,,372
775,465397.0,,372
776,1405719.0,,372
777,1273232.0,,374
778,1804022.0,,374
779,1672063.0,,374
780,1460442.0,,374
781,1715239.0,,377
782,1366906.0,,377
783,1253098.0,,377
784,1102901.0,,377
785,897441.0,,378
786,1485651.0,,378
787,327853.0,,378
788,1180407.0,,378
789,1423494.0,,381
790,1722145.0,,381
791,1619463.0,,381
792,1499354.0,,381
793,868250.0,,384
794,290872.0,,384
795,1414292.0,,384
796,926226.0,,384
797,1303293.0,,385
798,1351112.0,,390
799,1728572.0,,390
800,1009394.0,,390
801,1753972.0,,390
802,1324395.0,,391
803,1028261.0,,391
804,90006.0,,391
805,1838997.0,,391
806,1892473.0,,395
807,1188417.0,,395
808,299273.0,,395
809,1299236.0,,395
810,856124.0,,401
811,865002.0,,401
812,865658.0,,401
813,840604.0,,401
814,1354720.0,,402
815,1435683.0,,402
816,1491385.0,,402
817,1556250.0,,402
818,868334.0,,404
819,1518321.0,,404
820,407444.0,,409
821,858399.0,,409
822,355345.0,,409
823,1535173.0,,409
824,1688884.0,,410
825,172226.0,,410
826,1464888.0,,410
827,1803715.0,,410
828,1349104.0,,413
829,1453804.0,,413
830,812446.0,,414
831,802281.0,,414
832,892000.0,,414
833,767409.0,,414
834,1278248.0,,415
835,1236576.0,,415
836,1639473.0,,415
837,1243633.0,,415
838,718287.0,,419
839,437599.0,,419
840,1384654.0,,419
841,1909097.0,,419
842,114379.0,,422
843,,1478.0,422
844,439438.0,,422
845,1246447.0,,422
846,246600.0,,425
847,1544002.0,,425
848,280460.0,,425
849,659224.0,,425
850,916975.0,,427
851,796416.0,,427
852,785444.0,,427
853,900362.0,,427
854,1377222.0,,429
855,1661777.0,,430
856,1639605.0,,430
857,1544337.0,,430
858,1202153.0,,430
859,709290.0,,431
860,720171.0,,434
861,845286.0,,434
862,1496386.0,,435
863,871685.0,,435
864,308276.0,,435
865,274578.0,,435
866,70124.0,,437
867,105490.0,,437
868,1732663.0,,437
869,1281421.0,,437
870,1778253.0,,439
871,1604769.0,,439
872,1464367.0,,442
873,1017092.0,,442
874,176417.0,,442
875,1866846.0,,442
876,663609.0,,443
877,698896.0,,443
878,775522.0,,443
879,737617.0,,443
880,1661347.0,,444
881,90216.0,,445
882,1485417.0,,445
883,1014380.0,,445
884,1363054.0,,445
885,1774716.0,,447
886,1611307.0,,447
887,920001.0,,449
888,466739.0,,449
889,430949.0,,449
890,1497480.0,,449
891,1285243.0,,451
892,1454063.0,,451
893,1556169.0,,451
894,1586731.0,,451
895,929701.0,,452
896,1163321.0,,452
897,1505021.0,,452
898,1325686.0,,452
899,1304486.0,,453
900,1171882.0,,453
901,1455520.0,,453
902,847467.0,,453
903,1592704.0,,454
904,1278839.0,,454
905,1246254.0,,454
906,696996.0,,454
907,1026078.0,,459
908,1858005.0,,460
909,385234.0,,460
910,1462706.0,,460
911,1267834.0,,460
912,1048868.0,,461
913,1439693.0,,461
914,672043.0,,461
915,1676209.0,,461
916,455256.0,,465
917,505317.0,,465
918,518361.0,,465
919,898990.0,,465
920,1215669.0,,466
921,920099.0,,467
922,1235564.0,,467
923,423495.0,,467
924,379387.0,,467
925,221044.0,,469
926,1484124.0,,469
927,205138.0,,469
928,1704734.0,,469
929,167995.0,,471
930,1854121.0,,474
931,1769396.0,,474
932,1417950.0,,474
933,1459202.0,,474
934,477936.0,,480
935,874100.0,,480
936,907487.0,,480
937,1178619.0,,480
938,1778920.0,,481
939,1137346.0,,481
940,1246261.0,,482
941,1739272.0,,482
942,187968.0,,482
943,1079683.0,,482
944,450944.0,,485
945,927841.0,,485
946,864135.0,,485
947,1511275.0,,485
948,1658613.0,,488
949,1150086.0,,488
950,1078279.0,,488
951,1357891.0,,488
952,1478932.0,,489
953,1841996.0,,489
954,1346336.0,,489
955,1260903.0,,489
956,288487.0,,490
957,1374077.0,,490
958,297465.0,,490
959,1339909.0,,490
960,213753.0,,491
961,304600.0,,491
962,429214.0,,491
963,472811.0,,491
964,1472735.0,,493
965,1625846.0,,493
966,1467329.0,,493
967,,1850.0,493
968,92421.0,,500
969,1806416.0,,500
970,1756178.0,,500
971,1131939.0,,500
972,865794.0,,503
973,467710.0,,503
974,740668.0,,503
975,465278.0,,503
976,355696.0,,505
977,673574.0,,507
978,871492.0,,507
979,882068.0,,507
980,1048168.0,,507
981,1351372.0,,508
982,1797239.0,,509
983,1776306.0,,509
984,1168200.0,,509
985,1492617.0,,509
986,922805.0,,512
987,399412.0,,514
988,826180.0,,514
989,659734.0,,514
990,682565.0,,514
991,1125630.0,,515
992,1192972.0,,517
993,1000571.0,,517
994,1502985.0,,517
995,,1897.0,517
996,1513081.0,,520
997,190573.0,,521
998,881244.0,,521
999,1681948.0,,521
1000,254183.0,,521
1001,667489.0,,522
1002,706230.0,,522
1003,1562990.0,,523
1004,1054680.0,,523
1005,897871.0,,526
1006,1471095.0,,526
1007,1361498.0,,526
1008,1263002.0,,526
1009,1376390.0,,530
1010,221910.0,,530
1011,161638.0,,530
1012,380839.0,,530
1013,1904680.0,,531
1014,1116532.0,,534
1015,1019346.0,,534
1016,1468579.0,,534
1017,163663.0,,534
1018,1477247.0,,537
1019,1301681.0,,537
1020,1365282.0,,537
1021,1354778.0,,537
1022,1447541.0,,539
1023,1345671.0,,539
1024,1589418.0,,541
1025,1778916.0,,543
1026,1420888.0,,543
1027,1295458.0,,543
1028,1217538.0,,553
1029,1061247.0,,553
1030,1483441.0,,553
1031,1188252.0,,553
1032,1851907.0,,555
1033,837721.0,,555
1034,770334.0,,555
1035,957138.0,,555
1036,1645766.0,,556
1037,1886748.0,,556
1038,247774.0,,556
1039,841490.0,,556
1040,1719609.0,,558
1041,1764902.0,,558
1042,1082626.0,,558
1043,1127196.0,,558
1044,396389.0,,559
1045,391723.0,,559
1046,338459.0,,559
1047,1355806.0,,559
1048,1432626.0,,560
1049,1372211.0,,560
1050,1425586.0,,560
1051,1225175.0,,560
1052,1360345.0,,562
1053,1717810.0,,564
1054,1584788.0,,574
1055,1541197.0,,574
1056,931873.0,,574
1057,1553298.0,,574
1058,1495913.0,,576
1059,1805857.0,,576
1060,1805295.0,,576
1061,1075015.0,,576
1062,1119162.0,,577
1063,1737857.0,,577
1064,1602547.0,,577
1065,1082969.0,,577
1066,442675.0,,578
1067,528137.0,,578
1068,205460.0,,578
1069,862402.0,,579
1070,788905.0,,579
1071,937138.0,,579
1072,1615494.0,,580
1073,1910481.0,,580
1074,1130652.0,,580
1075,1475171.0,,580
1076,166806.0,,581
1077,910108.0,,581
1078,79004.0,,581
1079,136156.0,,581
1080,1706723.0,,583
1081,721786.0,,583
1082,761770.0,,583
1083,230501.0,,583
1084,1203655.0,,588
1085,453473.0,,588
1086,1817493.0,,588
1087,1023409.0,,588
1088,228690.0,,590
1089,849088.0,,590
1090,179583.0,,590
1091,869666.0,,590
1092,1383032.0,,593
1093,1027039.0,,593
1094,848710.0,,593
1095,1142029.0,,593
1096,,2116.0,594
1097,738729.0,,594
1098,715921.0,,594
1099,,1678.0,594
1100,717810.0,,595
1101,1799031.0,,595
1102,433170.0,,595
1103,1287744.0,,595
1104,462564.0,,597
1105,1713095.0,,597
1106,811887.0,,597
1107,703745.0,,597
1108,106355.0,,598
1109,849824.0,,598
1110,115605.0,,598
1111,107338.0,,598
1112,1890204.0,,599
1113,1150054.0,,600
1114,1035940.0,,600
1115,1451872.0,,605
1116,1897107.0,,605
1117,849985.0,,605
1118,1181320.0,,605
1119,1127029.0,,607
1120,1693112.0,,607
1121,456638.0,,607
1122,1495477.0,,607
1123,1777462.0,,608
1124,392379.0,,608
1125,353566.0,,608
1126,308507.0,,608
1127,1092082.0,,610
1128,1786880.0,,610
1129,1473050.0,,610
1130,1618864.0,,612
1131,1791556.0,,612
1132,1862720.0,,612
1133,1409048.0,,612
1134,1575517.0,,614
1135,934891.0,,614
1136,913077.0,,614
1137,724292.0,,614
1138,1438462.0,,617
1139,1373030.0,,617
1140,1718632.0,,617
1141,1385657.0,,617
1142,1388870.0,,618
1143,1787654.0,,623
1144,1198465.0,,623
1145,1059710.0,,623
1146,1511094.0,,623
1147,1373512.0,,627
1148,1581427.0,,627
1149,859846.0,,628
1150,724909.0,,632
1151,938352.0,,632
1152,,2271.0,632
1153,805885.0,,632
1154,1097632.0,,633
1155,1393428.0,,633
1156,1914058.0,,633
1157,1884075.0,,633
1158,698611.0,,635
1159,911848.0,,635
1160,883376.0,,635
1161,877054.0,,635
1162,383211.0,,643
1163,406648.0,,643
1164,344747.0,,643
1165,235283.0,,643
1166,1009161.0,,647
1167,1890416.0,,647
1168,283127.0,,648
1169,1368081.0,,648
1170,411866.0,,648
1171,1399723.0,,648
1172,319471.0,,650
1173,1587674.0,,650
1174,398282.0,,650
1175,313335.0,,650
1176,1286364.0,,652
1177,1877683.0,,652
1178,1201627.0,,652
1179,1445664.0,,652
1180,1795461.0,,658
1181,1208219.0,,658
1182,1644866.0,,658
1183,1503061.0,,658
1184,877602.0,,659
1185,848621.0,,659
1186,1266224.0,,659
1187,838420.0,,659
1188,847779.0,,661
1189,913252.0,,661
1190,900658.0,,661
1191,909461.0,,661
1192,1865205.0,,665
1193,1732925.0,,668
1194,1386722.0,,668
1195,1467788.0,,668
1196,1873051.0,,668
1197,659426.0,,671
1198,1885249.0,,671
1199,1305595.0,,671
1200,1328810.0,,671
1201,924619.0,,673
1202,925620.0,,673
1203,901324.0,,673
1204,375435.0,,673
1205,681845.0,,675
1206,865465.0,,675
1207,898174.0,,675
1208,785480.0,,675
1209,932321.0,,676
1210,850080.0,,676
1211,333200.0,,676
1212,1346040.0,,676
1213,1046158.0,,680
1214,1016239.0,,680
1215,1599618.0,,680
1216,1079454.0,,680
1217,1787441.0,,681
1218,842433.0,,681
1219,1682173.0,,681
1220,883351.0,,681
1221,922867.0,,686
1222,893419.0,,686
1223,861361.0,,686
1224,1180546.0,,686
1225,678751.0,,687
1226,917733.0,,687
1227,832464.0,,687
1228,690839.0,,687
1229,382889.0,,688
1230,1349619.0,,688
1231,797662.0,,688
1232,1368686.0,,688
1233,871701.0,,691
1234,828947.0,,691
1235,1189855.0,,691
1236,370932.0,,691
1237,1059793.0,,694
1238,530779.0,,694
1239,685248.0,,694
1240,,1205.0,694
1241,872646.0,,698
1242,1575257.0,,698
1243,475956.0,,698
1244,1400882.0,,698
1245,422658.0,,708
1246,762498.0,,708
1247,887063.0,,708
1248,527797.0,,708
1249,1714812.0,,709
1250,1501171.0,,709
1251,1161221.0,,709
1252,1887747.0,,709
1253,753555.0,,713
1254,673320.0,,713
1255,,2259.0,713
1256,922703.0,,713
1257,1465357.0,,714
1258,1310348.0,,715
1259,850680.0,,716
1260,888114.0,,716
1261,858468.0,,716
1262,832010.0,,716
1263,927849.0,,717
1264,415453.0,,717
1265,457908.0,,717
1266,760396.0,,717
1267,891160.0,,723
1268,901146.0,,723
1269,762755.0,,723
1270,885615.0,,723
1271,1828663.0,,724
1272,1164169.0,,724
1273,886074.0,,724
1274,376417.0,,724
1275,703489.0,,725
1276,724172.0,,725
1277,511991.0,,725
1278,756495.0,,725
1279,502234.0,,726
1280,392473.0,,726
1281,663653.0,,726
1282,515166.0,,727
1283,442978.0,,727
1284,1136705.0,,728
1285,1144310.0,,728
1286,1250727.0,,728
1287,1227410.0,,728
1288,881254.0,,729
1289,175212.0,,729
1290,349121.0,,729
1291,1672121.0,,729
1292,1185348.0,,731
1293,886615.0,,731
1294,920129.0,,731
1295,938045.0,,731
1296,1723842.0,,734
1297,1821133.0,,734
1298,1362791.0,,734
1299,1468898.0,,734
1300,1849063.0,,736
1301,1735092.0,,736
1302,1225150.0,,736
1303,1507104.0,,736
1304,1797711.0,,737
1305,1290569.0,,737
1306,1339047.0,,737
1307,1215754.0,,737
1308,730444.0,,738
1309,930606.0,,738
1310,954816.0,,738
1311,889454.0,,738
1312,507458.0,,740
1313,505495.0,,740
1314,1400933.0,,740
1315,685032.0,,740
1316,373720.0,,741
1317,291503.0,,741
1318,472757.0,,741
1319,299812.0,,741
1320,1045240.0,,744
1321,1604913.0,,744
1322,378113.0,,744
1323,1781300.0,,744
1324,1314010.0,,746
1325,1129942.0,,746
1326,934609.0,,746
1327,528102.0,,746
1328,1071419.0,,748
1329,1436018.0,,748
1330,1099456.0,,748
1331,1690244.0,,748
1332,1894722.0,,751
1333,851085.0,,751
1334,660122.0,,751
1335,524872.0,,751
1336,1643077.0,,756
1337,1471804.0,,756
1338,1831285.0,,756
1339,1148000.0,,756
1340,698917.0,,760
1341,873767.0,,760
1342,832114.0,,760
1343,1360793.0,,760
1344,932344.0,,764
1345,821168.0,,764
1346,1550166.0,,764
1347,818585.0,,764
1348,941028.0,,769
1349,863063.0,,769
1350,1635782.0,,769
1351,906891.0,,769
1352,259895.0,,779
1353,1503055.0,,779
1354,1863635.0,,781
1355,1354429.0,,781
1356,1696430.0,,781
1357,927638.0,,781
1358,1489994.0,,782
1359,1892139.0,,782
1360,1327134.0,,782
1361,1304394.0,,782
1362,369592.0,,787
1363,1368833.0,,787
1364,500725.0,,787
1365,937288.0,,787
1366,1788876.0,,791
1367,1135351.0,,791
1368,1084397.0,,791
1369,1257239.0,,791
1370,454823.0,,792
1371,871056.0,,792
1372,1475132.0,,792
1373,678845.0,,792
1374,834466.0,,794
1375,876646.0,,794
1376,740888.0,,794
1377,781744.0,,794
1378,511374.0,,795
1379,1477501.0,,795
1380,433629.0,,795
1381,1000166.0,,795
1382,937600.0,,797
1383,1774774.0,,799
1384,1076297.0,,799
1385,523776.0,,803
1386,,1478.0,803
1387,1834475.0,,803
1388,477287.0,,803
1389,815088.0,,816
1390,859355.0,,816
1391,737370.0,,816
1392,1065536.0,,816
1393,1418087.0,,817
1394,809530.0,,820
1395,924654.0,,820
1396,908121.0,,820
1397,918169.0,,822
1398,781606.0,,822
1399,913503.0,,822
1400,,1222.0,822
1401,1866944.0,,824
1402,1338461.0,,824
1403,1823070.0,,824
1404,1531947.0,,824
1405,1082796.0,,825
1406,1344069.0,,825
1407,,2271.0,827
1408,924207.0,,827
1409,872119.0,,827
1410,724175.0,,827
1411,1274924.0,,828
1412,893523.0,,828
1413,518910.0,,828
1414,837291.0,,828
1415,898944.0,,830
1416,683047.0,,830
1417,727874.0,,830
1418,934392.0,,830
1419,907830.0,,834
1420,897432.0,,834
1421,851448.0,,834
1422,947701.0,,834
1423,703529.0,,835
1424,855848.0,,835
1425,766409.0,,835
1426,927894.0,,835
1427,194359.0,,838
1428,1789097.0,,842
1429,1658492.0,,842
1430,685201.0,,842
1431,388044.0,,842
1432,806016.0,,843
1433,1474908.0,,843
1434,1775472.0,,843
1435,896250.0,,846
1436,1383835.0,,847
1437,1017438.0,,847
1438,1498896.0,,847
1439,1742175.0,,847
1440,1341795.0,,850
1441,940316.0,,850
1442,,2258.0,850
1443,911167.0,,850
1444,376309.0,,851
1445,461744.0,,851
1446,364436.0,,851
1447,1262094.0,,851
1448,1583343.0,,853
1449,1623241.0,,853
1450,1107301.0,,853
1451,1089382.0,,853
1452,,1903.0,856
1453,,1945.0,856
1454,,2103.0,856
1455,939836.0,,856
1456,445055.0,,859
1457,780731.0,,859
1458,1623177.0,,859
1459,198208.0,,861
1460,861272.0,,861
1461,1232098.0,,862
1462,863538.0,,862
1463,238757.0,,862
1464,1322743.0,,862
1465,1536636.0,,865
1466,1343979.0,,865
1467,1788671.0,,865
1468,1518384.0,,865
1469,1264848.0,,866
1470,1082984.0,,866
1471,1280501.0,,866
1472,1781398.0,,866
1473,1753723.0,,867
1474,1485621.0,,867
1475,1556977.0,,868
1476,1876335.0,,868
1477,904106.0,,868
1478,1715078.0,,868
1479,858945.0,,869
1480,274905.0,,869
1481,1530967.0,,869
1482,361132.0,,869
1483,520315.0,,873
1484,391357.0,,873
1485,1371257.0,,873
1486,736820.0,,873
1487,842800.0,,875
1488,474611.0,,882
1489,502184.0,,882
1490,439019.0,,882
1491,681233.0,,882
1492,429513.0,,885
1493,1352219.0,,885
1494,900313.0,,885
1495,524976.0,,885
1496,1561784.0,,888
1497,860270.0,,888
1498,1105268.0,,888
1499,1103673.0,,888
1500,1264489.0,,892
1501,715504.0,,892
1502,936773.0,,892
1503,934423.0,,892
1504,243015.0,,893
1505,201568.0,,893
1506,849996.0,,893
1507,334347.0,,893
1508,,2271.0,900
1509,710419.0,,900
1510,883787.0,,900
1511,,2116.0,900
1512,888879.0,,901
1513,1302249.0,,904
1514,1689667.0,,904
1515,1202204.0,,904
1516,1533297.0,,904
1517,853457.0,,906
1518,865609.0,,906
1519,796993.0,,906
1520,1566975.0,,906
1521,428901.0,,909
1522,737202.0,,909
1523,709467.0,,909
1524,235983.0,,912
1525,684936.0,,912
1526,775574.0,,912
1527,336310.0,,912
1528,789468.0,,921
1529,741551.0,,921
1530,757570.0,,921
1531,727031.0,,921
1532,1122551.0,,924
1533,838132.0,,924
1534,818503.0,,924
1535,845456.0,,924
1536,1693051.0,,927
1537,1319786.0,,927
1538,1560979.0,,927
1539,1168567.0,,927
1540,1688336.0,,928
1541,1608829.0,,928
1542,221612.0,,928
1543,1799638.0,,928
1544,890241.0,,930
1545,909968.0,,930
1546,895564.0,,930
1547,955345.0,,930
1548,334332.0,,931
1549,501259.0,,931
1550,883457.0,,931
1551,894116.0,,931
1552,568804.0,,933
1553,189360.0,,933
1554,1912356.0,,933
1555,228768.0,,933
1556,838042.0,,937
1557,852757.0,,937
1558,1231057.0,,937
1559,845671.0,,937
1560,842916.0,,938
1561,1128607.0,,943
1562,1066988.0,,943
1563,1542535.0,,945
1564,682417.0,,945
1565,844594.0,,945
1566,,1983.0,945
1567,,1693.0,946
1568,,1549.0,946
1569,934536.0,,946
1570,,974.0,946
1571,1626808.0,,951
1572,1802181.0,,951
1573,1368270.0,,951
1574,1010011.0,,951
1575,813870.0,,953
1576,660130.0,,953
1577,896352.0,,953
1578,857712.0,,953
1579,,1612.0,956
1580,,1708.0,956
1581,,1918.0,957
1582,,1824.0,957
1583,,2237.0,957
1584,,1570.0,957
1585,,1498.0,958
1586,,1819.0,958
1587,,1510.0,958
1588,844145.0,,959
1589,1615719.0,,959
1590,764129.0,,959
1591,1694137.0,,959
1592,,1505.0,963
1593,950173.0,,963
1594,915952.0,,963
1595,914124.0,,965
1596,1254204.0,,965
1597,1253768.0,,965
1598,818386.0,,965
1599,925609.0,,966
1600,685296.0,,966
1601,826314.0,,966
1602,715272.0,,966
1603,1496165.0,,967
1604,1481090.0,,967
1605,797251.0,,967
1606,1015519.0,,967
1607,864280.0,,968
1608,769115.0,,968
1609,702516.0,,968
1610,681712.0,,968
1611,669991.0,,969
1612,879980.0,,969
1613,660373.0,,969
1614,486042.0,,969
1615,1097217.0,,970
1616,1404873.0,,971
1617,1093546.0,,971
1618,769177.0,,975
1619,851623.0,,975
1620,688969.0,,975
1621,1904466.0,,975
1622,226321.0,,976
1623,1329591.0,,976
1624,706746.0,,976
1625,1858257.0,,976
1626,449625.0,,977
1627,783635.0,,978
1628,145589.0,,978
1629,1560662.0,,978
1630,1907684.0,,978
1631,663475.0,,979
1632,750214.0,,979
1633,859694.0,,979
1634,,1320.0,979
1635,370555.0,,980
1636,1614921.0,,980
1637,693337.0,,980
1638,363902.0,,980
1639,837631.0,,981
1640,836987.0,,981
1641,459685.0,,981
1642,1473310.0,,981
1643,413545.0,,985
1644,439340.0,,985
1645,813276.0,,985
1646,884178.0,,985
1647,1285784.0,,986
1648,1300156.0,,986
1649,402259.0,,986
1650,1070904.0,,986
1651,1114462.0,,992
1652,1626859.0,,992
1653,1709393.0,,992
1654,1702282.0,,992
1655,742241.0,,993
1656,907216.0,,993
1657,911603.0,,993
1658,699061.0,,993
1659,937132.0,,995
1660,912097.0,,995
1661,832839.0,,995
1662,908999.0,,995
1663,153195.0,,997
1664,269189.0,,997
1665,1650743.0,,997
1666,1664840.0,,997
1667,911774.0,,999
1668,861903.0,,999
1669,935035.0,,999
1670,863073.0,,999
1671,863258.0,,1000
1672,892280.0,,1000
1673,1776750.0,,1005
1674,400519.0,,1008
1675,673983.0,,1008
1676,898298.0,,1008
1677,831926.0,,1008
1678,367928.0,,1010
1679,314901.0,,1010
1680,1197562.0,,1010
1681,1112715.0,,1010
1682,1005913.0,,1011
1683,667603.0,,1011
1684,1096167.0,,1011
1685,1737248.0,,1011
1686,758772.0,,1012
1687,163726.0,,1012
1688,790480.0,,1012
1689,525759.0,,1012
1690,1281482.0,,1013
1691,329656.0,,1013
1692,1147597.0,,1013
1693,1074221.0,,1013
1694,782132.0,,1014
1695,772552.0,,1016
1696,874534.0,,1016
1697,,1819.0,1017
1698,,1729.0,1017
1699,,2194.0,1017
1700,,1510.0,1017
1701,1650986.0,,1018
1702,1257207.0,,1018
1703,1568692.0,,1018
1704,848466.0,,1018
1705,,1903.0,1021
1706,,1782.0,1021
1707,,2103.0,1021
1708,,1422.0,1021
1709,937153.0,,1022
1710,933568.0,,1022
1711,917970.0,,1022
1712,935428.0,,1022
1713,940465.0,,1023
1714,,1693.0,1023
1715,,974.0,1023
1716,,1549.0,1023
1717,901232.0,,1024
1718,932333.0,,1024
1719,749989.0,,1024
1720,765920.0,,1024
1721,322201.0,,1027
1722,1847312.0,,1027
1723,379087.0,,1027
1724,1525385.0,,1027
1725,899807.0,,1028
1726,109922.0,,1028
1727,936348.0,,1028
1728,890204.0,,1028
1729,1684502.0,,1029
1730,1195740.0,,1029
1731,1082574.0,,1029
1732,1026481.0,,1029
1733,1886129.0,,1030
1734,765563.0,,1032
1735,902597.0,,1032
1736,812716.0,,1032
1737,805475.0,,1032
1738,879239.0,,1033
1739,392112.0,,1033
1740,362060.0,,1033
1741,909187.0,,1033
1742,756009.0,,1035
1743,1612924.0,,1035
1744,1770413.0,,1035
1745,1653980.0,,1037
1746,1540844.0,,1037
1747,1027127.0,,1037
1748,1072005.0,,1037
1749,1728505.0,,1040
1750,941290.0,,1040
1751,295688.0,,1040
1752,1220645.0,,1040
1753,903076.0,,1046
1754,905124.0,,1046
1755,872094.0,,1046
1756,903350.0,,1046
1757,539867.0,,1047
1758,1316426.0,,1047
1759,685362.0,,1047
1760,938780.0,,1047
1761,920296.0,,1048
1762,841071.0,,1048
1763,934636.0,,1048
1764,,1418.0,1048
1765,920484.0,,1049
1766,909775.0,,1049
1767,889550.0,,1049
1768,830198.0,,1049
1769,1101773.0,,1050
1770,1034120.0,,1050
1771,1881713.0,,1050
1772,1285984.0,,1050
1773,889597.0,,1052
1774,901075.0,,1052
1775,1769220.0,,1052
1776,787740.0,,1052
1777,1091674.0,,1053
1778,1649472.0,,1053
1779,1255952.0,,1053
1780,1123796.0,,1053
1781,1011390.0,,1058
1782,1694357.0,,1058
1783,1872426.0,,1058
1784,1801872.0,,1058
1785,913531.0,,1059
1786,482335.0,,1059
1787,,1829.0,1059
1788,927823.0,,1059
1789,,1829.0,1060
1790,1619377.0,,1061
1791,334358.0,,1062
1792,1803042.0,,1062
1793,240545.0,,1062
1794,233356.0,,1062
1795,1703519.0,,1063
1796,1186185.0,,1063
1797,1561745.0,,1063
1798,1045622.0,,1063
1799,917803.0,,1064
1800,899632.0,,1064
1801,845329.0,,1064
1802,880697.0,,1064
1803,916608.0,,1065
1804,717823.0,,1065
1805,737631.0,,1065
1806,465745.0,,1065
1807,,1834.0,1068
1808,,1150.0,1068
1809,,2296.0,1068
1810,,1072.0,1068
1811,1134349.0,,1070
1812,1732685.0,,1070
1813,259154.0,,1070
1814,1552620.0,,1070
1815,464760.0,,1073
1816,853493.0,,1073
1817,675331.0,,1073
1818,511258.0,,1073
1819,1388948.0,,1075
1820,838241.0,,1075
1821,1664023.0,,1075
1822,813874.0,,1075
1823,,1945.0,1078
1824,,1903.0,1078
1825,,2129.0,1078
1826,,1782.0,1078
1827,1053548.0,,1079
1828,932498.0,,1079
1829,1099261.0,,1079
1830,249743.0,,1079
1831,510522.0,,1080
1832,883281.0,,1080
1833,414195.0,,1080
1834,410748.0,,1080
1835,866448.0,,1082
1836,,1819.0,1083
1837,,1729.0,1083
1838,,2194.0,1083
1839,,1510.0,1083
1840,740458.0,,1084
1841,851770.0,,1084
1842,530602.0,,1084
1843,1031696.0,,1084
1844,,1945.0,1085
1845,,1903.0,1085
1846,,2129.0,1085
1847,,1782.0,1085
1848,375002.0,,1088
1849,573661.0,,1088
1850,456219.0,,1088
1851,473718.0,,1088
1852,1503287.0,,1091
1853,,1375.0,1098
1854,480558.0,,1098
1855,,2301.0,1098
1856,939624.0,,1098
1857,824156.0,,1099
1858,679307.0,,1099
1859,529050.0,,1099
1860,1151720.0,,1099
1861,,1984.0,1101
1862,,1515.0,1101
1863,,1369.0,1101
1864,,1341.0,1101
1865,1318082.0,,1102
1866,1765632.0,,1102
1867,1577872.0,,1102
1868,63449.0,,1102
1869,1148574.0,,1105
1870,710697.0,,1105
1871,759485.0,,1105
1872,1081658.0,,1105
1873,258647.0,,1113
1874,,1903.0,1116
1875,,1782.0,1116
1876,,2103.0,1116
1877,,1422.0,1116
1878,,1612.0,1118
1879,,1708.0,1118
1880,384612.0,,1120
1881,1804535.0,,1120
1882,1793076.0,,1120
1883,904778.0,,1120
1884,1709553.0,,1121
1885,1914060.0,,1131
1886,913738.0,,1133
1887,937844.0,,1135
1888,920300.0,,1135
1889,952807.0,,1135
1890,927129.0,,1135
1891,1098656.0,,1139
1892,1166265.0,,1139
1893,1692420.0,,1140
1894,193294.0,,1140
1895,1205112.0,,1140
1896,1485926.0,,1140
1897,902433.0,,1142
1898,416126.0,,1142
1899,458259.0,,1142
1900,893785.0,,1142
1901,1338062.0,,1143
1902,884683.0,,1144
1903,860524.0,,1144
1904,924868.0,,1144
1905,1492837.0,,1145
1906,1469349.0,,1145
1907,1004030.0,,1145
1908,1855696.0,,1145
1909,,1612.0,1148
1910,,1708.0,1148
1911,195463.0,,1149
1912,1862478.0,,1152
1913,868443.0,,1156
1914,463570.0,,1156
1915,511683.0,,1156
1916,909901.0,,1156
1917,746987.0,,1157
1918,917591.0,,1157
1919,660781.0,,1157
1920,922813.0,,1157
1921,1449274.0,,1165
1922,1857882.0,,1165
1923,924381.0,,1166
1924,784697.0,,1166
1925,815335.0,,1166
1926,907832.0,,1166
1927,895265.0,,1171
1928,913681.0,,1171
1929,927217.0,,1171
1930,882848.0,,1171
1931,932670.0,,1173
1932,924831.0,,1173
1933,918644.0,,1173
1934,718852.0,,1173
1935,920746.0,,1174
1936,899395.0,,1174
1937,859077.0,,1174
1938,921355.0,,1174
1939,,1612.0,1175
1940,,1708.0,1175
1941,,1675.0,1175
1942,1168827.0,,1176
1943,1727413.0,,1176
1944,889353.0,,1177
1945,498056.0,,1177
1946,1820480.0,,1177
1947,304629.0,,1177
1948,819650.0,,1178
1949,923480.0,,1178
1950,885105.0,,1178
1951,808985.0,,1178
1952,,974.0,1179
1953,,1549.0,1179
1954,795125.0,,1180
1955,1268665.0,,1180
1956,916122.0,,1180
1957,891776.0,,1180
1958,,2296.0,1184
1959,,1834.0,1184
1960,,1593.0,1184
1961,,2286.0,1184
1962,1032014.0,,1185
1963,1001918.0,,1185
1964,1334374.0,,1185
1965,1014507.0,,1185
1966,,1626.0,1186
1967,,1515.0,1186
1968,,1969.0,1186
1969,,1321.0,1186
1970,1732611.0,,1188
1971,1864241.0,,1188
1972,1365938.0,,1188
1973,1378366.0,,1190
1974,1355107.0,,1190
1975,1165384.0,,1190
1976,1478462.0,,1190
1977,909114.0,,1192
1978,930207.0,,1192
1979,883673.0,,1192
1980,762788.0,,1192
1981,,1498.0,1195
1982,,1819.0,1195
1983,,1510.0,1195
1984,1100582.0,,1196
1985,799451.0,,1197
1986,766111.0,,1197
1987,765335.0,,1197
1988,886822.0,,1197
1989,663753.0,,1198
1990,849050.0,,1198
1991,658055.0,,1198
1992,898189.0,,1198
1993,1509053.0,,1199
1994,1704677.0,,1199
1995,1510974.0,,1200
1996,1685364.0,,1200
1997,1024553.0,,1200
1998,1908285.0,,1200
1999,,1492.0,1202
2000,,1478.0,1202
2001,369569.0,,1202
2002,1422735.0,,1202
2003,179428.0,,1203
2004,1795737.0,,1203
2005,1507620.0,,1203
2006,296346.0,,1203
2007,818906.0,,1204
2008,841054.0,,1206
2009,840419.0,,1206
2010,832431.0,,1206
2011,928675.0,,1206
2012,1869047.0,,1207
2013,1373337.0,,1207
2014,1446662.0,,1207
2015,878000.0,,1207
2016,211968.0,,1210
2017,1763265.0,,1210
2018,1258259.0,,1210
2019,1671212.0,,1210
2020,1661670.0,,1211
2021,905553.0,,1211
2022,1633538.0,,1211
2023,1488267.0,,1211
2024,753194.0,,1213
2025,1390408.0,,1213
2026,484451.0,,1213
2027,,2027.0,1213
2028,865263.0,,1214
2029,688888.0,,1214
2030,922704.0,,1214
2031,1288786.0,,1218
2032,,2116.0,1219
2033,,2271.0,1219
2034,802377.0,,1219
2035,813396.0,,1219
2036,1097794.0,,1221
2037,709411.0,,1223
2038,882972.0,,1223
2039,881042.0,,1223
2040,880363.0,,1223
2041,939904.0,,1225
2042,931338.0,,1225
2043,766483.0,,1225
2044,930886.0,,1225
2045,926510.0,,1226
2046,916486.0,,1226
2047,,2256.0,1226
2048,867974.0,,1226
2049,824334.0,,1228
2050,930463.0,,1228
2051,793978.0,,1228
2052,932770.0,,1228
2053,886428.0,,1229
2054,257785.0,,1229
2055,1671245.0,,1229
2056,554272.0,,1229
2057,712846.0,,1230
2058,919510.0,,1230
2059,768791.0,,1230
2060,703224.0,,1230
2061,,1831.0,1231
2062,,1291.0,1231
2063,,2079.0,1231
2064,,1222.0,1231
2065,930482.0,,1232
2066,888170.0,,1232
2067,837429.0,,1232
2068,859783.0,,1232
2069,881980.0,,1237
2070,,2100.0,1238
2071,,1822.0,1238
2072,,2206.0,1238
2073,,1782.0,1238
2074,861675.0,,1244
2075,906769.0,,1244
2076,1506601.0,,1244
2077,,1528.0,1244
2078,850875.0,,1248
2079,1326928.0,,1248
2080,730838.0,,1248
2081,937616.0,,1248
2082,,1626.0,1249
2083,,1515.0,1249
2084,,1969.0,1249
2085,,1321.0,1249
2086,1509596.0,,1250
2087,113857.0,,1250
2088,1543445.0,,1250
2089,1259412.0,,1250
2090,1568452.0,,1251
2091,900225.0,,1251
2092,475821.0,,1251
2093,1485418.0,,1251
2094,880162.0,,1252
2095,895044.0,,1252
2096,884502.0,,1252
2097,867826.0,,1252
2098,940378.0,,1253
2099,947189.0,,1253
2100,756693.0,,1253
2101,920511.0,,1253
2102,1579423.0,,1255
2103,1200256.0,,1255
2104,890267.0,,1255
2105,1050542.0,,1255
2106,1305625.0,,1259
2107,1552551.0,,1259
2108,1142532.0,,1259
2109,1404493.0,,1260
2110,1399604.0,,1260
2111,1061652.0,,1260
2112,1355226.0,,1260
2113,,2079.0,1262
2114,,1932.0,1262
2115,,1291.0,1262
2116,,1831.0,1262
2117,756638.0,,1263
2118,1220883.0,,1263
2119,728733.0,,1263
2120,483246.0,,1263
2121,1813603.0,,1264
2122,1583334.0,,1264
2123,1802210.0,,1264
2124,1900682.0,,1264
2125,,1768.0,1267
2126,905622.0,,1267
2127,903799.0,,1267
2128,1451028.0,,1268
2129,908884.0,,1268
2130,1781546.0,,1268
2131,351733.0,,1268
2132,519048.0,,1269
2133,525009.0,,1269
2134,722107.0,,1269
2135,678819.0,,1269
2136,753861.0,,1272
2137,,1369.0,1272
2138,,1341.0,1272
2139,,1134.0,1272
2140,890720.0,,1273
2141,878871.0,,1273
2142,855182.0,,1273
2143,1331314.0,,1273
2144,1393302.0,,1275
2145,1577010.0,,1275
2146,1176938.0,,1275
2147,845661.0,,1279
2148,1112668.0,,1279
2149,1021731.0,,1279
2150,1430141.0,,1279
2151,928040.0,,1283
2152,934703.0,,1283
2153,,1418.0,1284
2154,920961.0,,1284
2155,,1949.0,1284
2156,448098.0,,1287
2157,852287.0,,1287
2158,520420.0,,1287
2159,,2027.0,1287
2160,,1515.0,1288
2161,,1369.0,1288
2162,,1642.0,1288
2163,,1341.0,1288
2164,293130.0,,1290
2165,1751617.0,,1290
2166,1049848.0,,1290
2167,270011.0,,1290
2168,1608795.0,,1297
2169,85941.0,,1297
2170,118232.0,,1297
2171,1031977.0,,1297
2172,926038.0,,1298
2173,879081.0,,1298
2174,1154524.0,,1298
2175,1510793.0,,1298
2176,1425457.0,,1301
2177,383138.0,,1301
2178,723760.0,,1301
2179,1177841.0,,1301
2180,753286.0,,1304
2181,843336.0,,1304
2182,890992.0,,1304
2183,1754313.0,,1304
2184,1543238.0,,1306
2185,1432509.0,,1306
2186,1785466.0,,1306
2187,1411455.0,,1306
2188,917898.0,,1307
2189,834482.0,,1309
2190,701173.0,,1309
2191,1459431.0,,1309
2192,,1494.0,1309
2193,851929.0,,1310
2194,1880789.0,,1311
2195,1825534.0,,1312
2196,1274167.0,,1312
2197,1901371.0,,1312
2198,841999.0,,1312
2199,904817.0,,1315
2200,406778.0,,1315
2201,361334.0,,1315
2202,781696.0,,1315
2203,933470.0,,1316
2204,,2159.0,1318
2205,472896.0,,1318
2206,509186.0,,1318
2207,,1547.0,1318
2208,,1903.0,1319
2209,,1782.0,1319
2210,,2103.0,1319
2211,,1422.0,1319
2212,,1369.0,1322
2213,,1341.0,1322
2214,,1984.0,1322
2215,,1134.0,1322
2216,,1903.0,1325
2217,,1782.0,1325
2218,,2103.0,1325
2219,,1422.0,1325
2220,,1604.0,1327
2221,1247115.0,,1329
2222,1834685.0,,1329
2223,1002579.0,,1329
2224,1718541.0,,1329
2225,862368.0,,1330
2226,920607.0,,1330
2227,874107.0,,1330
2228,914487.0,,1334
2229,1457004.0,,1334
2230,919270.0,,1334
2231,881700.0,,1338
2232,929258.0,,1338
2233,910266.0,,1338
2234,934970.0,,1338
2235,,1321.0,1339
2236,,1969.0,1339
2237,,1686.0,1339
2238,914860.0,,1342
2239,905125.0,,1342
2240,932522.0,,1342
2241,868904.0,,1342
2242,,1626.0,1344
2243,,1515.0,1344
2244,,1969.0,1344
2245,,1321.0,1344
2246,921592.0,,1345
2247,938646.0,,1345
2248,924585.0,,1345
2249,,1803.0,1346
2250,1338287.0,,1349
2251,1561325.0,,1349
2252,708222.0,,1349
2253,1157985.0,,1349
2254,,1557.0,1350
2255,754005.0,,1350
2256,853811.0,,1350
2257,882039.0,,1351
2258,1107441.0,,1354
2259,768441.0,,1354
2260,474002.0,,1354
2261,519631.0,,1354
2262,,974.0,1356
2263,,1549.0,1356
2264,891320.0,,1358
2265,882861.0,,1358
2266,923497.0,,1358
2267,865607.0,,1358
2268,920605.0,,1360
2269,759376.0,,1360
2270,1807292.0,,1362
2271,329823.0,,1363
2272,1363149.0,,1363
2273,223324.0,,1363
2274,1186626.0,,1365
2275,1542583.0,,1365
2276,1499471.0,,1365
2277,1583484.0,,1365
2278,710158.0,,1367
2279,519925.0,,1367
2280,425702.0,,1367
2281,522272.0,,1367
2282,762286.0,,1370
2283,896350.0,,1370
2284,425303.0,,1370
2285,1321845.0,,1370
2286,392120.0,,1371
2287,461075.0,,1371
2288,909175.0,,1371
2289,221678.0,,1372
2290,1852943.0,,1372
2291,1024254.0,,1372
2292,1787944.0,,1372
2293,1883683.0,,1373
2294,1788409.0,,1373
2295,1864979.0,,1373
2296,,1848.0,1374
2297,,1637.0,1374
2298,,2299.0,1374
2299,,1382.0,1374
2300,1468923.0,,1380
2301,1045347.0,,1380
2302,248299.0,,1380
2303,1748112.0,,1380
2304,879159.0,,1381
2305,863914.0,,1381
2306,923528.0,,1381
2307,,2216.0,1381
2308,,1390.0,1383
2309,,2177.0,1383
2310,,1894.0,1383
2311,509428.0,,1385
2312,663361.0,,1385
2313,886751.0,,1385
2314,383088.0,,1385
2315,1439016.0,,1387
2316,,1321.0,1388
2317,,1969.0,1388
2318,,1686.0,1388
2319,,1678.0,1389
2320,,1257.0,1389
2321,923041.0,,1389
2322,,1134.0,1389
2323,900165.0,,1392
2324,731673.0,,1392
2325,920109.0,,1392
2326,,1827.0,1392
2327,877195.0,,1394
2328,1304711.0,,1394
2329,1877585.0,,1394
2330,382131.0,,1394
2331,885380.0,,1397
2332,142755.0,,1397
2333,844880.0,,1397
2334,436084.0,,1398
2335,244925.0,,1398
2336,257811.0,,1398
2337,1083262.0,,1398
2338,1247041.0,,1400
2339,916851.0,,1400
2340,1745618.0,,1400
2341,745339.0,,1400
2342,449051.0,,1402
2343,857118.0,,1402
2344,868085.0,,1402
2345,,2027.0,1402
2346,,1803.0,1403
2347,,2107.0,1405
2348,1305389.0,,1405
2349,,1515.0,1406
2350,,1369.0,1406
2351,,1642.0,1406
2352,,1341.0,1406
2353,1312586.0,,1408
2354,1479358.0,,1408
2355,873782.0,,1408
2356,567366.0,,1408
2357,901630.0,,1411
2358,914044.0,,1411
2359,940127.0,,1411
2360,885042.0,,1413
2361,919548.0,,1413
2362,,1321.0,1415
2363,,1969.0,1415
2364,,1686.0,1415
2365,920917.0,,1416
2366,887102.0,,1416
2367,,1504.0,1416
2368,,2242.0,1416
2369,1184561.0,,1417
2370,1126032.0,,1417
2371,1844468.0,,1419
2372,1213237.0,,1419
2373,826357.0,,1423
2374,1448051.0,,1423
2375,681995.0,,1423
2376,839685.0,,1423
2377,1269381.0,,1425
2378,1733666.0,,1425
2379,1253520.0,,1425
2380,1710180.0,,1425
2381,937982.0,,1427
2382,,1515.0,1428
2383,,1369.0,1428
2384,,1642.0,1428
2385,,1341.0,1428
2386,702892.0,,1431
2387,919513.0,,1431
2388,772603.0,,1431
2389,1584468.0,,1433
2390,1703283.0,,1433
2391,772228.0,,1433
2392,1540769.0,,1433
2393,950543.0,,1436
2394,888857.0,,1436
2395,,1504.0,1436
2396,,2298.0,1436
2397,865294.0,,1437
2398,932397.0,,1437
2399,848689.0,,1437
2400,914089.0,,1437
2401,1527148.0,,1439
2402,1324960.0,,1439
2403,1149075.0,,1439
2404,1727248.0,,1439
2405,907173.0,,1440
2406,889436.0,,1440
2407,924277.0,,1440
2408,796748.0,,1440
2409,860131.0,,1441
2410,,2079.0,1442
2411,,1932.0,1442
2412,,1291.0,1442
2413,,1831.0,1442
2414,450924.0,,1445
2415,513152.0,,1445
2416,673340.0,,1445
2417,1807984.0,,1445
2418,723673.0,,1446
2419,419027.0,,1446
2420,849352.0,,1446
2421,,1340.0,1446
2422,,1678.0,1449
2423,,1257.0,1449
2424,933487.0,,1449
2425,,1134.0,1449
2426,,1829.0,1451
2427,1073790.0,,1451
2428,802879.0,,1451
2429,920329.0,,1454
2430,900643.0,,1454
2431,937756.0,,1454
2432,898439.0,,1454
2433,,1222.0,1455
2434,950549.0,,1455
2435,925566.0,,1455
2436,920975.0,,1457
2437,917981.0,,1457
2438,928117.0,,1457
2439,722454.0,,1457
2440,,1693.0,1458
2441,747514.0,,1458
2442,918112.0,,1458
2443,1708554.0,,1459
2444,1108117.0,,1461
2445,1729991.0,,1461
2446,700077.0,,1462
2447,956627.0,,1462
2448,827500.0,,1462
2449,686562.0,,1462
2450,896238.0,,1465
2451,920571.0,,1465
2452,,1291.0,1466
2453,,2079.0,1466
2454,,1903.0,1467
2455,,1827.0,1467
2456,,2103.0,1467
2457,,1422.0,1467
2458,675065.0,,1468
2459,1364680.0,,1468
2460,1231486.0,,1468
2461,910276.0,,1468
2462,897298.0,,1471
2463,924817.0,,1471
2464,,1675.0,1472
2465,,1612.0,1472
2466,,1763.0,1472
2467,,1594.0,1472
2468,861967.0,,1473
2469,889143.0,,1473
2470,888941.0,,1473
2471,907115.0,,1474
2472,909608.0,,1474
2473,920954.0,,1474
2474,918623.0,,1474
2475,,1515.0,1477
2476,,1369.0,1477
2477,,1642.0,1477
2478,,1341.0,1477
2479,,1829.0,1479
2480,943082.0,,1480
2481,921319.0,,1480
2482,890407.0,,1480
2483,889685.0,,1480
2484,1010237.0,,1481
2485,1757310.0,,1481
2486,1619662.0,,1481
2487,1838965.0,,1481
2488,940076.0,,1482
2489,,1903.0,1483
2490,,1782.0,1483
2491,,2103.0,1483
2492,,1422.0,1483
2493,663458.0,,1486
2494,778976.0,,1486
2495,1369859.0,,1488
2496,,1291.0,1490
2497,,2079.0,1490
2498,,1945.0,1491
2499,,1903.0,1491
2500,,2129.0,1491
2501,,1782.0,1491
2502,901475.0,,1495
2503,902922.0,,1495
2504,1191965.0,,1495
2505,850301.0,,1495
2506,881712.0,,1496
2507,603816.0,,1496
2508,1182761.0,,1500
2509,1554187.0,,1500
2510,1908499.0,,1500
2511,1503312.0,,1500
2512,,1637.0,1502
2513,,1583.0,1502
2514,,2299.0,1502
2515,,1382.0,1502
2516,,1918.0,1508
2517,858066.0,,1509
2518,937279.0,,1513
2519,924598.0,,1513
2520,,1991.0,1513
2521,,2025.0,1513
2522,753433.0,,1522
2523,882614.0,,1522
2524,438560.0,,1522
2525,1069270.0,,1522
2526,877510.0,,1524
2527,882189.0,,1524
2528,883578.0,,1524
2529,1680886.0,,1524
2530,364654.0,,1525
2531,744770.0,,1525
2532,405574.0,,1525
2533,1806293.0,,1525
2534,1603561.0,,1529
2535,1179267.0,,1529
2536,1807538.0,,1529
2537,1627561.0,,1529
2538,1319880.0,,1530
2539,858176.0,,1530
2540,490519.0,,1530
2541,928724.0,,1530
2542,,2169.0,1531
2543,923788.0,,1531
2544,937611.0,,1531
2545,,1788.0,1533
2546,,2300.0,1533
2547,,2280.0,1533
2548,1243378.0,,1534
2549,658155.0,,1534
2550,775618.0,,1534
2551,1760990.0,,1534
2552,890347.0,,1536
2553,875758.0,,1536
2554,,1498.0,1537
2555,,1819.0,1537
2556,,1510.0,1537
2557,848328.0,,1538
2558,850761.0,,1538
2559,1170955.0,,1538
2560,845937.0,,1538
2561,923691.0,,1539
2562,1066786.0,,1540
2563,916370.0,,1541
2564,682394.0,,1541
2565,913341.0,,1541
2566,909368.0,,1541
2567,,1498.0,1542
2568,,1819.0,1542
2569,,1510.0,1542
2570,834081.0,,1543
2571,468839.0,,1543
2572,871719.0,,1546
2573,379072.0,,1546
2574,895849.0,,1546
2575,319706.0,,1546
2576,1378791.0,,1548
2577,448063.0,,1548
2578,1739633.0,,1548
2579,660360.0,,1548
2580,,2236.0,1550
2581,,1822.0,1550
2582,,1798.0,1550
2583,,2150.0,1550
2584,,2208.0,1552
2585,,2203.0,1552
2586,,1691.0,1552
2587,,1869.0,1552
2588,,1291.0,1554
2589,,2079.0,1554
2590,1177332.0,,1555
2591,,2300.0,1556
2592,931652.0,,1558
2593,800919.0,,1558
2594,927859.0,,1558
2595,939528.0,,1558
2596,890974.0,,1561
2597,885583.0,,1561
2598,901797.0,,1561
2599,885317.0,,1561
2600,1014967.0,,1563
2601,1220817.0,,1563
2602,1831093.0,,1563
2603,1053237.0,,1563
2604,1688449.0,,1565
2605,1087423.0,,1565
2606,1467544.0,,1565
2607,1509595.0,,1565
2608,,1626.0,1566
2609,,1515.0,1566
2610,,1969.0,1566
2611,,1321.0,1566
2612,,1321.0,1567
2613,,1969.0,1567
2614,,1686.0,1567
2615,851478.0,,1568
2616,1671648.0,,1568
2617,901092.0,,1568
2618,840240.0,,1568
2619,,1831.0,1572
2620,,1291.0,1572
2621,,2079.0,1572
2622,,1222.0,1572
2623,937601.0,,1573
2624,921345.0,,1573
2625,888780.0,,1573
2626,888567.0,,1573
2627,667706.0,,1575
2628,816011.0,,1575
2629,531205.0,,1575
2630,522719.0,,1575
2631,1759648.0,,1576
2632,,1824.0,1577
2633,,1802.0,1577
2634,,1997.0,1577
2635,,1570.0,1577
2636,,1822.0,1580
2637,,1798.0,1580
2638,,2206.0,1580
2639,,1747.0,1580
2640,,2038.0,1581
2641,881732.0,,1581
2642,,2256.0,1581
2643,1196558.0,,1582
2644,1484999.0,,1582
2645,,1504.0,1585
2646,,2298.0,1585
2647,,1384.0,1586
2648,,2293.0,1586
2649,,1526.0,1586
2650,784692.0,,1587
2651,,1949.0,1587
2652,1017989.0,,1587
2653,,1418.0,1587
2654,466412.0,,1588
2655,467294.0,,1588
2656,842263.0,,1588
2657,1709957.0,,1588
2658,916745.0,,1589
2659,660087.0,,1589
2660,759692.0,,1589
2661,891491.0,,1589
2662,837485.0,,1590
2663,852940.0,,1590
2664,864986.0,,1590
2665,718127.0,,1590
2666,1086672.0,,1598
2667,853067.0,,1598
2668,1885576.0,,1598
2669,852955.0,,1598
2670,,1505.0,1599
2671,1311111.0,,1600
2672,1676038.0,,1600
2673,888172.0,,1600
2674,1273902.0,,1600
2675,,1867.0,1601
2676,,2039.0,1601
2677,896540.0,,1602
2678,1046699.0,,1602
2679,,2172.0,1605
2680,,2112.0,1605
2681,921497.0,,1605
2682,,1768.0,1605
2683,1440471.0,,1606
2684,528607.0,,1606
2685,744902.0,,1606
2686,934632.0,,1606
2687,1214343.0,,1607
2688,918212.0,,1607
2689,934366.0,,1607
2690,933652.0,,1607
2691,,1819.0,1609
2692,,1729.0,1609
2693,,2194.0,1609
2694,,1510.0,1609
2695,,1819.0,1610
2696,,1729.0,1610
2697,,2194.0,1610
2698,,1510.0,1610
2699,1045015.0,,1613
2700,1739573.0,,1614
2701,1569382.0,,1614
2702,925365.0,,1614
2703,1104205.0,,1614
2704,708330.0,,1616
2705,1607156.0,,1616
2706,1256453.0,,1616
2707,1875909.0,,1616
2708,,2300.0,1619
2709,,2280.0,1619
2710,935108.0,,1619
2711,,1788.0,1619
2712,1468578.0,,1623
2713,890325.0,,1623
2714,955239.0,,1623
2715,1471130.0,,1623
2716,805381.0,,1625
2717,734559.0,,1625
2718,410965.0,,1632
2719,1527118.0,,1632
2720,461852.0,,1632
2721,663780.0,,1632
2722,901753.0,,1633
2723,898896.0,,1633
2724,905039.0,,1633
2725,939707.0,,1633
2726,,1222.0,1638
2727,,1768.0,1639
2728,928948.0,,1639
2729,896543.0,,1639
2730,845064.0,,1643
2731,932375.0,,1643
2732,,2079.0,1644
2733,,1932.0,1644
2734,,1291.0,1644
2735,,1831.0,1644
2736,681684.0,,1645
2737,1473593.0,,1645
2738,877413.0,,1645
2739,843418.0,,1645
2740,1624765.0,,1646
2741,1363564.0,,1646
2742,249785.0,,1646
2743,1272311.0,,1646
2744,1059816.0,,1647
2745,1578461.0,,1647
2746,1654909.0,,1647
2747,1736034.0,,1647
2748,901239.0,,1648
2749,909394.0,,1648
2750,928183.0,,1648
2751,,2301.0,1648
2752,,1946.0,1649
2753,,2259.0,1649
2754,,2144.0,1649
2755,,1834.0,1650
2756,,1150.0,1650
2757,,2296.0,1650
2758,,1072.0,1650
2759,840802.0,,1656
2760,891049.0,,1656
2761,1021557.0,,1657
2762,454367.0,,1657
2763,488564.0,,1657
2764,686768.0,,1657
2765,531758.0,,1658
2766,1764496.0,,1658
2767,1426790.0,,1658
2768,,1640.0,1659
2769,935273.0,,1659
2770,,2100.0,1662
2771,,1822.0,1662
2772,,2206.0,1662
2773,,1782.0,1662
2774,1363984.0,,1663
2775,1837290.0,,1663
2776,1125268.0,,1663
2777,,1547.0,1664
2778,695569.0,,1664
2779,834851.0,,1664
2780,360990.0,,1664
2781,,2236.0,1666
2782,,1822.0,1666
2783,,1798.0,1666
2784,,2150.0,1666
2785,907586.0,,1668
2786,,2074.0,1668
2787,,1961.0,1668
2788,,1987.0,1668
2789,1857659.0,,1670
2790,1913301.0,,1670
2791,1053403.0,,1670
2792,884982.0,,1670
2793,921008.0,,1673
2794,1072093.0,,1673
2795,1714506.0,,1673
2796,1128691.0,,1673
2797,757448.0,,1677
2798,865124.0,,1677
2799,759124.0,,1677
2800,857298.0,,1677
2801,809015.0,,1680
2802,1074964.0,,1681
2803,1317368.0,,1681
2804,1442397.0,,1681
2805,1410113.0,,1681
2806,915807.0,,1682
2807,1605712.0,,1682
2808,876640.0,,1682
2809,1499027.0,,1682
2810,1685905.0,,1683
2811,1891942.0,,1683
2812,1905151.0,,1683
2813,1329393.0,,1683
2814,889979.0,,1684
2815,841078.0,,1684
2816,1850522.0,,1684
2817,897363.0,,1684
2818,,1526.0,1685
2819,,2296.0,1685
2820,,2209.0,1685
2821,,1834.0,1685
2822,484316.0,,1687
2823,898268.0,,1687
2824,1609647.0,,1687
2825,898462.0,,1687
2826,,1626.0,1688
2827,,1515.0,1688
2828,,1969.0,1688
2829,,1321.0,1688
2830,780155.0,,1690
2831,832763.0,,1690
2832,915762.0,,1690
2833,907296.0,,1690
2834,681513.0,,1692
2835,859569.0,,1692
2836,444613.0,,1692
2837,706224.0,,1692
2838,,1675.0,1694
2839,,1612.0,1694
2840,,1763.0,1694
2841,,1594.0,1694
2842,1112483.0,,1695
2843,1206231.0,,1695
2844,1002171.0,,1695
2845,,1277.0,1697
2846,,2054.0,1697
2847,453921.0,,1703
2848,911138.0,,1703
2849,1527748.0,,1703
2850,765533.0,,1703
2851,,1321.0,1704
2852,,1969.0,1704
2853,,1686.0,1704
2854,670430.0,,1707
2855,1177004.0,,1707
2856,800184.0,,1707
2857,1622261.0,,1707
2858,948079.0,,1711
2859,,1375.0,1711
2860,893766.0,,1711
2861,801067.0,,1711
2862,917670.0,,1712
2863,,1753.0,1712
2864,913281.0,,1712
2865,888749.0,,1712
2866,340049.0,,1713
2867,213221.0,,1713
2868,884254.0,,1714
2869,864437.0,,1714
2870,824225.0,,1714
2871,793417.0,,1714
2872,,1544.0,1715
2873,889072.0,,1715
2874,867057.0,,1715
2875,875916.0,,1717
2876,788058.0,,1717
2877,734878.0,,1717
2878,857229.0,,1717
2879,858083.0,,1719
2880,838570.0,,1719
2881,912403.0,,1719
2882,819368.0,,1719
2883,920438.0,,1721
2884,918257.0,,1721
2885,865691.0,,1721
2886,889898.0,,1721
2887,921134.0,,1722
2888,824154.0,,1722
2889,918638.0,,1722
2890,923305.0,,1722
2891,699194.0,,1723
2892,948149.0,,1723
2893,862514.0,,1723
2894,898578.0,,1723
2895,1614922.0,,1726
2896,1166937.0,,1726
2897,1091465.0,,1726
2898,1714958.0,,1726
2899,880600.0,,1731
2900,938753.0,,1731
2901,900927.0,,1731
2902,261554.0,,1736
2903,158680.0,,1736
2904,221326.0,,1736
2905,,1498.0,1738
2906,,1819.0,1738
2907,1715257.0,,1739
2908,1601252.0,,1739
2909,705817.0,,1739
2910,476632.0,,1739
2911,1574826.0,,1743
2912,1714389.0,,1743
2913,1250305.0,,1743
2914,1533174.0,,1743
2915,1268359.0,,1744
2916,447576.0,,1744
2917,1093355.0,,1744
2918,1068656.0,,1744
2919,1890675.0,,1749
2920,842462.0,,1749
2921,889930.0,,1749
2922,1156557.0,,1749
2923,679041.0,,1750
2924,911381.0,,1750
2925,1039465.0,,1750
2926,805658.0,,1750
2927,845493.0,,1751
2928,888304.0,,1751
2929,823795.0,,1751
2930,857451.0,,1752
2931,422889.0,,1752
2932,459731.0,,1752
2933,494008.0,,1752
2934,,1893.0,1757
2935,,1798.0,1757
2936,,2150.0,1757
2937,,1747.0,1757
2938,869568.0,,1761
2939,868097.0,,1761
2940,935792.0,,1761
2941,855105.0,,1761
2942,,2208.0,1762
2943,,2203.0,1762
2944,,1691.0,1762
2945,,1869.0,1762
2946,,1104.0,1764
2947,486807.0,,1764
2948,,1498.0,1765
2949,,1819.0,1765
2950,824508.0,,1766
2951,1431581.0,,1766
2952,502128.0,,1766
2953,1302054.0,,1766
2954,,1615.0,1769
2955,829555.0,,1771
2956,913561.0,,1771
2957,821689.0,,1771
2958,,2201.0,1771
2959,942432.0,,1774
2960,900336.0,,1774
2961,,2301.0,1774
2962,939953.0,,1774
2963,,2236.0,1775
2964,,1822.0,1775
2965,,1798.0,1775
2966,,2150.0,1775
2967,947929.0,,1776
2968,440149.0,,1778
2969,473042.0,,1778
2970,451461.0,,1778
2971,738112.0,,1778
2972,,1867.0,1779
2973,,2039.0,1779
2974,818338.0,,1780
2975,692909.0,,1780
2976,485059.0,,1780
2977,907642.0,,1780
2978,868860.0,,1784
2979,698416.0,,1784
2980,909452.0,,1784
2981,864049.0,,1784
