tip_id,Status,treatment,StartDate,year_TIP,year_end_TIP,cohort_2022,Age_at_start,age_band,race,gender,census_tract,any_sentence_before_start,num_sentences_before_start,max_ogs_before_start,any_high_ogs_before_start,any_arrest_before_start,num_arrests_before_start,log_earnings_1yr_preTIP,log_earnings_2yr_preTIP,job_right_before_tip,job_2yr_before_tip,employment_outcome,earnings_outcome,offense_outcome,arrest_outcome,pscore,match_pair_id,match_role,matched_to_id,match_pscore_diff,pscore_diff
1416,Non Graduated,0,2021-08-23,2021,2022,0,32.358168147641834,25-34,Black,Female,42003561900,0.0,0.0,0.0,0.0,0.0,0.0,0.0,6.796266384872829,0.0,1.0,1,23295.06768875508,0,0,0.5995710852323529,1,control,963,0.03630333686793197,0.03630333686793197
963,Graduated,1,2019-04-15,2019,2019,0,28.04921394395079,25-34,Black,Female,42003561400,0.0,0.0,0.0,0.0,0.0,0.0,0.0,7.996999057683783,0.0,1.0,1,15261.317839070412,0,0,0.563267748364421,1,treated,1416,0.03630333686793197,
1427,Non Graduated,0,2021-09-20,2021,2021,0,27.58988380041012,25-34,Black,Female,42003504100,0.0,0.0,0.0,0.0,0.0,0.0,9.337795641745624,8.857477270702468,1.0,1.0,1,24559.68301801766,0,0,0.7032634267670671,2,control,1032,0.03299660880474642,0.03299660880474642
1032,Graduated,1,2019-07-22,2019,2019,0,28.02187286397813,25-34,Black,Female,42003550900,0.0,0.0,0.0,0.0,0.0,0.0,8.408019456169049,9.649829866094915,1.0,1.0,0,0.0,0,0,0.6702668179623207,2,treated,1427,0.03299660880474642,
1434,Non Graduated,0,2021-10-18,2021,2021,0,19.70745044429255,<=24,Black,Female,42003140500,0.0,0.0,0.0,0.0,0.0,0.0,10.29853592775815,10.467370178251668,1.0,1.0,1,51346.553331032876,0,0,0.3868323662988362,3,control,996,0.003703618549076859,0.003703618549076859
996,Graduated,1,2019-07-15,2019,2019,0,18.12166780587833,<=24,Black,Female,42003463900,0.0,0.0,0.0,0.0,0.0,0.0,10.484976513337399,10.291148448549501,1.0,1.0,1,60468.596230312316,0,0,0.3905359848479131,3,treated,1434,0.003703618549076859,
861,Non Graduated,0,2018-10-22,2018,2018,0,27.01572112098428,25-34,Black,Male,42003260200,0.0,0.0,0.0,0.0,1.0,12.0,7.025441655866372,9.23743968002387,1.0,1.0,1,22645.366418623766,1,1,0.35886034300421665,4,control,938,0.017650522120633727,0.017650522120633727
938,Graduated,1,2019-03-04,2019,2019,0,27.37662337662337,25-34,Black,Male,42003520002,1.0,2.0,2.0,0.0,1.0,9.0,8.716235426939058,10.035646669277948,1.0,1.0,1,2795.5873876804144,0,0,0.3765108651248504,4,treated,861,0.017650522120633727,
910,Non Graduated,0,2019-01-30,2019,2019,0,25.88926862611073,25-34,Black,Male,42003564800,0.0,0.0,0.0,0.0,1.0,2.0,10.855928572952845,11.237974874192336,1.0,1.0,1,7826.964273119756,0,0,0.4327566950214586,5,control,1140,0.0025711244159661306,0.0025711244159661306
1140,Graduated,1,2020-01-20,2020,2020,0,27.30827067669173,25-34,Black,Male,42003456001,1.0,6.0,9.0,1.0,1.0,4.0,9.162813254188995,9.176470877661965,1.0,1.0,1,11639.719043417219,0,0,0.43018557060549245,5,treated,910,0.0025711244159661306,
1125,Non Graduated,0,2019-12-16,2019,2020,0,27.15516062884484,25-34,Black,Male,42003120300,0.0,0.0,0.0,0.0,1.0,3.0,10.02218821941542,10.164685599213657,1.0,1.0,1,31012.811433291485,0,1,0.4382608004472389,6,control,1136,0.0036277883890660223,0.0036277883890660223
1136,Graduated,1,2020-01-20,2020,2020,0,33.65686944634313,25-34,Black,Male,42003030500,0.0,0.0,0.0,0.0,1.0,2.0,11.259314718596462,11.207162112579972,1.0,1.0,1,113571.0690604943,1,0,0.4346330120581729,6,treated,1125,0.0036277883890660223,
1260,Non Graduated,0,2020-10-12,2020,2020,0,26.61654135338346,25-34,Black,Male,42003521402,1.0,1.0,9.0,1.0,1.0,1.0,9.073424557670055,10.119335466634565,1.0,1.0,1,14680.99291333374,0,0,0.4431079164475,7,control,1298,0.005344565952309088,0.005344565952309088
1298,Graduated,1,2021-02-16,2021,2021,0,27.58988380041012,25-34,Black,Male,42003130200,0.0,0.0,0.0,0.0,1.0,4.0,8.001599690344428,9.210394753169247,1.0,1.0,1,2060.3263904983273,0,0,0.43776335049519094,7,treated,1260,0.005344565952309088,
1243,Non Graduated,0,2020-08-17,2020,2020,0,32.01913875598086,25-34,Black,Male,42003520001,1.0,5.0,9.0,1.0,1.0,3.0,6.969492852833608,8.434144777131399,1.0,1.0,1,154.2675890875865,0,0,0.4449157405660756,8,control,1318,0.000693912085130699,0.000693912085130699
1318,Graduated,1,2021-03-01,2021,2021,0,28.863978127136026,25-34,Black,Male,42003130800,0.0,0.0,0.0,0.0,1.0,2.0,10.454202699465139,10.47419717636734,1.0,1.0,1,48057.285074483865,0,0,0.4442218284809449,8,treated,1243,0.000693912085130699,
1189,Non Graduated,0,2020-05-26,2020,2020,0,28.95146958304853,25-34,Black,Male,42003510000,0.0,0.0,0.0,0.0,1.0,1.0,9.456730650259297,10.41582921393632,1.0,1.0,1,36215.66100006288,0,0,0.4515506600599217,9,control,1256,0.002551452736106463,0.002551452736106463
1256,Graduated,1,2020-09-28,2020,2020,0,28.23786739576213,25-34,Black,Male,42003524000,0.0,0.0,0.0,0.0,1.0,4.0,8.592470854897428,8.359527083775314,1.0,1.0,1,5438.07738407735,0,0,0.4541021127960282,9,treated,1189,0.002551452736106463,
1268,Non Graduated,0,2020-10-12,2020,2021,0,27.79220779220779,25-34,Black,Male,42003513000,0.0,0.0,0.0,0.0,0.0,0.0,10.138127439382856,10.500944944209513,1.0,1.0,1,9049.569530744971,0,0,0.46219649716791156,10,control,1431,0.0009404749043543936,0.0009404749043543936
1431,Graduated,1,2021-09-20,2021,2021,0,31.22077922077922,25-34,Black,Male,42003202200,0.0,0.0,0.0,0.0,0.0,0.0,10.86854405400853,10.703501503869603,1.0,1.0,1,78838.9999257893,0,0,0.46125602226355716,10,treated,1268,0.0009404749043543936,
924,Non Graduated,0,2019-02-18,2019,2019,0,30.107997265892003,25-34,Black,Male,42003521302,1.0,22.0,10.0,1.0,1.0,4.0,7.525381627537844,6.459167034972174,1.0,1.0,1,34333.625546302836,0,0,0.4691056130531451,11,control,1034,5.057890155457656e-05,5.057890155457656e-05
1034,Graduated,1,2019-08-12,2019,2019,0,30.564593301435405,25-34,Black,Male,42003483800,1.0,4.0,7.0,1.0,0.0,0.0,9.203897525285209,9.348519171091871,1.0,1.0,1,2148.775990711867,0,0,0.4690550341515905,11,treated,924,5.057890155457656e-05,
1430,Non Graduated,0,2021-09-20,2021,2021,0,26.851674641148325,25-34,Black,Male,42003523600,0.0,0.0,0.0,0.0,0.0,0.0,9.038354009476631,9.84331444787441,1.0,1.0,1,15204.183109273836,0,0,0.4695980151728788,12,control,864,0.0002838264526703327,0.0002838264526703327
864,Graduated,1,2018-10-22,2018,2019,0,26.657552973342447,25-34,Black,Male,42003504100,0.0,0.0,0.0,0.0,0.0,0.0,9.996516297637521,10.052945396954089,1.0,1.0,1,22312.14442676008,0,0,0.46931418872020847,12,treated,1430,0.0002838264526703327,
950,Non Graduated,0,2019-03-25,2019,2019,0,27.25358851674641,25-34,Black,Male,42003431100,0.0,0.0,0.0,0.0,0.0,0.0,7.261359710726884,9.104988471408504,1.0,1.0,1,5966.942229750122,0,0,0.47606616007520375,13,control,1028,0.0006494794118744318,0.0006494794118744318
1028,Graduated,1,2019-07-10,2019,2019,0,30.657552973342447,25-34,Black,Male,42003523100,0.0,0.0,0.0,0.0,0.0,0.0,8.186321701347662,9.253041065706027,1.0,1.0,1,1961.9353870251925,0,0,0.4767156394870782,13,treated,950,0.0006494794118744318,
1455,Non Graduated,0,2021-10-11,2021,2021,0,33.83458646616541,25-34,Black,Male,42003130600,0.0,0.0,0.0,0.0,0.0,0.0,10.3231816011035,9.608104928362957,1.0,1.0,1,39002.34240214393,0,0,0.47799465310674405,14,control,832,0.0007223208924103108,0.0007223208924103108
832,Graduated,1,2018-08-27,2018,2018,0,26.865345181134657,25-34,Black,Male,42003526202,0.0,0.0,0.0,0.0,0.0,0.0,10.78422337059211,9.743387834345393,1.0,1.0,1,13648.226955675449,0,0,0.47727233221433374,14,treated,1455,0.0007223208924103108,
787,Non Graduated,0,2018-06-18,2018,2018,0,26.06425153793575,25-34,Black,Male,42003513800,0.0,0.0,0.0,0.0,0.0,0.0,10.84509128792297,9.432357953140412,1.0,1.0,1,103045.37196790837,0,0,0.48277480312890464,15,control,984,0.0018636978329960585,0.0018636978329960585
984,Graduated,1,2019-05-13,2019,2019,0,33.46548188653452,25-34,Black,Male,42003519000,1.0,7.0,7.0,1.0,0.0,0.0,10.226595777640501,8.857196719499532,1.0,1.0,1,1903.2443674028618,0,0,0.4809111052959086,15,treated,787,0.0018636978329960585,
1023,Non Graduated,0,2019-07-08,2019,2019,0,25.61038961038961,25-34,Black,Male,42003509400,0.0,0.0,0.0,0.0,0.0,0.0,7.09270433209025,8.263182692345275,1.0,1.0,1,7917.726590034959,0,0,0.4898213494460044,16,control,1390,0.007766654187389588,0.007766654187389588
1390,Graduated,1,2021-07-12,2021,2021,0,30.490772385509228,25-34,Black,Male,42003462600,0.0,0.0,0.0,0.0,0.0,0.0,10.10208378909782,9.32505085729361,1.0,1.0,1,36260.16839828321,0,0,0.48205469525861483,16,treated,1023,0.007766654187389588,
820,Non Graduated,0,2018-08-13,2018,2018,0,28.308954203691044,25-34,Black,Male,42003468800,0.0,0.0,0.0,0.0,0.0,0.0,7.928517360338991,8.351309336884391,1.0,1.0,1,17487.774482243392,0,0,0.49118739434312764,17,control,1075,0.00888837166899964,0.00888837166899964
1075,Graduated,1,2019-10-07,2019,2019,0,27.335611756664388,25-34,Black,Male,42003462600,0.0,0.0,0.0,0.0,0.0,0.0,9.678656287949503,9.225446382738095,1.0,1.0,1,10823.38467330514,0,0,0.482299022674128,17,treated,820,0.00888837166899964,
1111,Non Graduated,0,2019-12-02,2019,2020,0,29.449077238550924,25-34,Black,Male,42003523400,1.0,9.0,10.0,1.0,0.0,0.0,6.416140193394187,8.42170376148456,1.0,1.0,0,0.0,0,0,0.47118650474959345,18,control,806,0.011646493805363867,0.011646493805363867
806,Graduated,1,2018-07-23,2018,2018,0,26.047846889952154,25-34,Black,Male,42003478200,1.0,12.0,10.0,1.0,0.0,0.0,6.420213786980219,7.7378810276123415,1.0,1.0,1,36868.652735306,0,0,0.4828329985549573,18,treated,1111,0.011646493805363867,
1418,Non Graduated,0,2021-08-23,2021,2021,0,26.714969241285036,25-34,Black,Male,42003111400,0.0,0.0,0.0,0.0,0.0,0.0,10.111332254463338,8.345392304336086,1.0,1.0,1,5384.678661881549,0,0,0.49877982149634265,19,control,899,0.010049416686437385,0.010049416686437385
899,Graduated,1,2019-01-02,2019,2019,0,30.06971975393028,25-34,Black,Male,42003271600,0.0,0.0,0.0,0.0,0.0,0.0,9.744789629542941,8.86118545214119,1.0,1.0,1,15102.8716454511,0,0,0.48873040480990526,19,treated,1418,0.010049416686437385,
785,Non Graduated,0,2018-06-04,2018,2018,0,25.260423786739576,25-34,Black,Male,42003513000,1.0,9.0,10.0,1.0,1.0,12.0,8.871442990017629,0.0,1.0,1.0,1,1978.4708144320534,0,0,0.5050956757737455,20,control,1202,0.012781969798089987,0.012781969798089987
1202,Graduated,1,2020-07-06,2020,2020,0,31.08133971291866,25-34,Black,Male,42003130700,0.0,0.0,0.0,0.0,0.0,0.0,8.028942709753517,8.305443721845965,1.0,1.0,1,40808.39373568232,0,0,0.4923137059756555,20,treated,785,0.012781969798089987,
884,Non Graduated,0,2018-12-03,2018,2019,0,26.045112781954888,25-34,Black,Male,42003271600,1.0,4.0,10.0,1.0,0.0,0.0,7.27584261506242,6.253867229920441,1.0,1.0,0,0.0,1,1,0.511060642508674,21,control,815,0.01781104885598722,0.01781104885598722
815,Graduated,1,2018-08-06,2018,2018,0,31.464114832535884,25-34,Black,Male,42003561900,1.0,1.0,3.0,0.0,0.0,0.0,8.664474311147583,8.138453199321246,1.0,1.0,1,6051.320107021492,0,1,0.4932495936526868,21,treated,884,0.01781104885598722,
1388,Non Graduated,0,2021-07-19,2021,2021,0,25.07723855092276,25-34,Black,Male,42003521301,0.0,0.0,0.0,0.0,0.0,0.0,5.947164031724666,6.744858194423754,1.0,1.0,1,37920.66606675973,0,0,0.5117699221451333,22,control,935,0.015004076670214639,0.015004076670214639
935,Graduated,1,2019-02-25,2019,2019,0,27.775803144224195,25-34,Black,Male,42003271600,1.0,8.0,7.0,1.0,1.0,2.0,8.913929437579716,6.508157956883715,1.0,1.0,1,7993.661058816811,0,0,0.49676584547491864,22,treated,1388,0.015004076670214639,
216,Non Graduated,0,2020-10-05,2020,2020,0,31.133287764866715,25-34,Black,Male,42003562600,0.0,0.0,0.0,0.0,0.0,0.0,10.085438669283075,7.292241920844748,1.0,1.0,1,19342.541581691687,0,0,0.5166387629301353,23,control,1319,0.01929184080220875,0.01929184080220875
1319,Graduated,1,2021-03-01,2021,2021,0,31.991797676008204,25-34,Black,Male,42003561900,0.0,0.0,0.0,0.0,0.0,0.0,11.209155877470891,8.650484851739591,1.0,1.0,1,142954.6601134771,0,0,0.4973469221279266,23,treated,216,0.01929184080220875,
1027,Non Graduated,0,2019-07-10,2019,2019,0,25.49008885850991,25-34,Black,Male,42003564700,0.0,0.0,0.0,0.0,0.0,0.0,10.115745395235582,10.174529880588963,1.0,1.0,1,40707.12221582406,0,0,0.4676572937216333,24,control,755,0.032505211845080983,0.032505211845080983
755,Graduated,1,2019-09-09,2019,2019,0,31.04306220095694,25-34,Black,Male,42003120900,1.0,7.0,9.0,1.0,1.0,3.0,10.254374650408172,5.841681571176102,1.0,1.0,1,20677.753249098525,0,0,0.5001625055667143,24,treated,1027,0.032505211845080983,
1077,Non Graduated,0,2019-10-07,2019,2019,0,27.02665755297334,25-34,Black,Male,42003100500,0.0,0.0,0.0,0.0,0.0,0.0,10.731565404779001,10.303181066861303,1.0,1.0,1,841.1606454487339,0,0,0.46757818724113176,25,control,1277,0.033670296004514655,0.033670296004514655
1277,Graduated,1,2020-12-01,2020,2021,0,25.08544087491456,25-34,Black,Male,42003300100,0.0,0.0,0.0,0.0,0.0,0.0,7.476963088592125,7.6701711296334585,1.0,1.0,1,10847.309356703627,0,0,0.5012484832456464,25,treated,1077,0.033670296004514655,
1209,Non Graduated,0,2020-07-06,2020,2020,0,29.38072453861928,25-34,Black,Male,42003290100,1.0,6.0,7.0,1.0,1.0,10.0,0.0,5.566627750289141,0.0,1.0,0,0.0,0,1,0.5359884257826577,26,control,1469,0.03000339957224818,0.03000339957224818
1469,Graduated,1,2021-11-22,2021,2022,0,30.56732740943267,25-34,Black,Male,42003080700,0.0,0.0,0.0,0.0,0.0,0.0,8.904390178660744,7.679719901062472,1.0,1.0,1,13662.368886768243,0,0,0.5059850262104095,26,treated,1209,0.03000339957224818,
1362,Non Graduated,0,2021-05-10,2021,2021,0,25.408065618591937,25-34,Black,Male,42003523501,1.0,10.0,6.0,1.0,1.0,19.0,0.0,0.0,0.0,0.0,1,2328.647824030274,0,0,0.5436585821852368,27,control,1385,0.028161496060769675,0.028161496060769675
1385,Graduated,1,2021-07-21,2021,2021,0,30.419685577580317,25-34,Black,Male,42003564700,0.0,0.0,0.0,0.0,1.0,2.0,7.572462539429169,5.699121587159103,1.0,1.0,1,17355.760961380518,0,0,0.5154970861244671,27,treated,1362,0.028161496060769675,
1309,Non Graduated,0,2021-02-01,2021,2021,0,28.20779220779221,25-34,Black,Male,42003192000,0.0,0.0,0.0,0.0,1.0,17.0,0.0,0.0,0.0,0.0,0,0.0,1,0,0.5711448115375801,28,control,1203,0.03765576142020788,0.03765576142020788
1203,Graduated,1,2020-06-29,2020,2020,0,27.82228298017772,25-34,Black,Male,42003521301,0.0,0.0,0.0,0.0,1.0,5.0,0.0,9.159512966412631,0.0,1.0,1,34133.391060415284,0,0,0.5334890501173722,28,treated,1309,0.03765576142020788,
872,Non Graduated,0,2018-11-06,2018,2018,0,30.19822282980178,25-34,Black,Male,42003161000,1.0,10.0,9.0,1.0,1.0,1.0,0.0,7.677347966880095,0.0,1.0,1,34554.020022041565,0,1,0.5850485020730911,29,control,1463,0.03972256678214925,0.03972256678214925
1463,Graduated,1,2021-11-08,2021,2022,0,29.09364319890636,25-34,Black,Male,42003486700,1.0,8.0,3.0,0.0,1.0,9.0,9.247776280608718,0.0,1.0,0.0,1,5015.1104945889765,0,0,0.5453259352909419,29,treated,872,0.03972256678214925,
843,Non Graduated,0,2018-10-01,2018,2018,0,26.047846889952154,25-34,Black,Male,42003050100,0.0,0.0,0.0,0.0,1.0,4.0,6.571212769589127,0.0,1.0,0.0,1,3132.680873229918,0,0,0.588601467869548,30,control,1213,0.029256688582233625,0.029256688582233625
1213,Graduated,1,2020-07-06,2020,2020,0,26.955570745044422,25-34,Black,Male,42003523200,0.0,0.0,0.0,0.0,0.0,0.0,0.0,10.514785362833374,0.0,1.0,1,9708.352644567742,0,0,0.5593447792873144,30,treated,843,0.029256688582233625,
909,Non Graduated,0,2019-01-28,2019,2019,0,29.19207108680793,25-34,Black,Male,42003130700,0.0,0.0,0.0,0.0,1.0,4.0,0.0,5.498146759691397,0.0,1.0,1,2605.2843594138258,0,0,0.6042448687071128,31,control,854,0.03762117432783396,0.03762117432783396
854,Graduated,1,2018-10-22,2018,2019,0,32.213260423786735,25-34,Black,Male,42003515100,1.0,7.0,10.0,1.0,0.0,0.0,0.0,9.280784728873781,0.0,1.0,1,15122.589317626242,0,0,0.5666236943792788,31,treated,909,0.03762117432783396,
1484,Non Graduated,0,2021-12-13,2021,2022,0,28.563226247436774,25-34,Black,Male,42003561500,1.0,1.0,5.0,0.0,1.0,2.0,8.055913728456884,0.0,1.0,0.0,1,5910.086850165219,0,0,0.6058727432835948,32,control,874,0.022971964624279417,0.022971964624279417
874,Graduated,1,2018-11-06,2018,2019,0,28.910457963089545,25-34,Black,Male,42003523200,1.0,4.0,11.0,1.0,1.0,2.0,0.0,7.069865621568061,0.0,1.0,1,38815.17360720121,0,0,0.5829007786593153,32,treated,1484,0.022971964624279417,
833,Non Graduated,0,2018-09-04,2018,2018,0,32.328092959671906,25-34,Black,Male,42003261400,1.0,9.0,10.0,1.0,0.0,0.0,4.3587462668889385,0.0,1.0,0.0,0,0.0,0,0,0.6060309557128759,33,control,1367,0.017878388761934927,0.017878388761934927
1367,Graduated,1,2021-06-08,2021,2021,0,30.50444292549556,25-34,Black,Male,42003100500,0.0,0.0,0.0,0.0,0.0,0.0,0.0,8.786855176321447,0.0,1.0,1,4579.230205027896,0,0,0.588152566950941,33,treated,833,0.017878388761934927,
949,Non Graduated,0,2019-03-25,2019,2019,0,31.02392344497608,25-34,Black,Male,42003130600,0.0,0.0,0.0,0.0,0.0,0.0,0.0,7.672729865316948,0.0,1.0,0,0.0,1,0,0.6064244849007977,34,control,1485,0.010107949489184032,0.010107949489184032
1485,Graduated,1,2021-12-20,2021,2022,0,27.805878332194123,25-34,Black,Male,42003561500,1.0,13.0,9.0,1.0,1.0,1.0,3.876472323914753,0.0,1.0,0.0,1,268.2998344852181,0,0,0.5963165354116137,34,treated,949,0.010107949489184032,
739,Non Graduated,0,2018-03-12,2018,2018,0,25.416267942583733,25-34,Black,Male,42003563000,1.0,2.0,11.0,1.0,1.0,1.0,7.834968139488017,0.0,1.0,0.0,1,5718.3954480340635,0,0,0.6067276977749744,35,control,757,0.0003279218003177098,0.0003279218003177098
757,Graduated,1,2018-04-09,2018,2018,0,25.528366370471637,25-34,Black,Male,42003262000,1.0,1.0,3.0,0.0,1.0,2.0,7.421902240911112,0.0,1.0,0.0,1,11673.408743287888,1,1,0.6063997759746567,35,treated,739,0.0003279218003177098,
1,Non Graduated,0,2018-07-12,2018,2018,0,25.840054682159945,25-34,Black,Male,42003564700,1.0,3.0,10.0,1.0,1.0,1.0,0.0,6.018843390534469,0.0,1.0,1,29140.184794861885,0,0,0.6109180221424781,36,control,767,0.0026836363934196195,0.0026836363934196195
767,Graduated,1,2018-05-07,2018,2018,0,28.38550922761449,25-34,Black,Male,42003521302,1.0,1.0,8.0,1.0,1.0,1.0,7.102985871885037,0.0,1.0,0.0,0,0.0,0,0,0.6082343857490585,36,treated,1,0.0026836363934196195,
858,Non Graduated,0,2018-10-22,2018,2018,0,31.357484620642516,25-34,Black,Male,42003161000,1.0,9.0,10.0,1.0,0.0,0.0,0.0,6.321426068851723,0.0,1.0,1,1668.3533820542157,0,0,0.6153581973877786,37,control,904,0.0006444269112692025,0.0006444269112692025
904,Graduated,1,2019-01-07,2019,2019,0,27.03759398496241,25-34,Black,Male,42003498000,1.0,6.0,9.0,1.0,0.0,0.0,6.6206136317103566,0.0,1.0,0.0,1,6023.297663580564,0,0,0.6147137704765094,37,treated,858,0.0006444269112692025,
1275,Non Graduated,0,2020-12-01,2020,2021,0,27.34654818865345,25-34,Black,Male,42003486800,1.0,10.0,9.0,1.0,0.0,0.0,7.190913187278133,0.0,1.0,0.0,1,1569.6390475579228,0,0,0.6165665985001534,38,control,812,0.00127932936101538,0.00127932936101538
812,Graduated,1,2018-07-30,2018,2018,0,29.760765550239235,25-34,Black,Male,42003101400,1.0,1.0,7.0,1.0,1.0,1.0,8.868439501185895,0.0,1.0,1.0,1,19373.350298193363,0,0,0.615287269139138,38,treated,1275,0.00127932936101538,
707,Non Graduated,0,2018-01-15,2018,2018,0,28.508544087491455,25-34,Black,Male,42003463900,1.0,2.0,9.0,1.0,1.0,1.0,9.235422440397175,0.0,1.0,0.0,1,15066.561903584156,1,1,0.6138959307447293,39,control,699,0.003430285503879582,0.003430285503879582
699,Graduated,1,2018-01-08,2018,2018,0,27.056732740943268,25-34,Black,Male,42003427200,1.0,1.0,8.0,1.0,1.0,1.0,9.893836665696258,0.0,1.0,1.0,1,19821.986308957792,0,1,0.6173262162486088,39,treated,707,0.003430285503879582,
742,Non Graduated,0,2018-03-12,2018,2018,0,25.72248803827751,25-34,Black,Male,42003191900,1.0,4.0,7.0,1.0,1.0,1.0,7.850969207372249,0.0,1.0,1.0,1,1881.998613001222,0,0,0.6119752186511748,40,control,714,0.0055297134230992695,0.0055297134230992695
714,Graduated,1,2018-02-19,2018,2018,0,27.835953520164043,25-34,Black,Male,42003552400,1.0,3.0,6.0,1.0,1.0,1.0,9.15414212617977,0.0,1.0,0.0,1,15099.68403253919,1,0,0.617504932074274,40,treated,742,0.0055297134230992695,
702,Non Graduated,0,2018-01-15,2018,2018,0,31.964456596035543,25-34,Black,Male,42003523702,0.0,0.0,0.0,0.0,0.0,0.0,6.757720718099195,0.0,1.0,0.0,1,5423.457254391658,0,0,0.6267171960433334,41,control,717,0.008595338689407317,0.008595338689407317
717,Graduated,1,2018-02-05,2018,2018,0,32.96514012303486,25-34,Black,Male,42003462600,0.0,0.0,0.0,0.0,1.0,2.0,9.826253755955072,0.0,1.0,1.0,1,25479.250955745865,0,0,0.6181218573539261,41,treated,702,0.008595338689407317,
1230,Non Graduated,0,2020-07-27,2020,2020,0,30.12166780587833,25-34,Black,Male,42129800700,0.0,0.0,0.0,0.0,0.0,0.0,7.625554425782073,0.0,1.0,0.0,1,3444.4140277079523,0,0,0.629500454455589,42,control,836,0.008767301974818342,0.008767301974818342
836,Graduated,1,2018-09-04,2018,2018,0,26.80792891319207,25-34,Black,Male,42003564800,1.0,3.0,1.0,0.0,1.0,1.0,8.164232549827135,0.0,1.0,0.0,1,12275.749104129487,0,0,0.6207331524807707,42,treated,1230,0.008767301974818342,
736,Non Graduated,0,2018-03-05,2018,2018,0,27.073137388926863,25-34,Black,Male,42003300100,0.0,0.0,0.0,0.0,0.0,0.0,9.080976478890063,0.0,1.0,1.0,1,14047.779034598521,0,0,0.6341488560509797,43,control,999,0.01333771001086903,0.01333771001086903
999,Graduated,1,2019-06-04,2019,2019,0,29.03075871496924,25-34,Black,Male,42003403500,0.0,0.0,0.0,0.0,0.0,0.0,4.924749939186064,0.0,1.0,1.0,0,0.0,0,0,0.6208111460401107,43,treated,736,0.01333771001086903,
1466,Non Graduated,0,2021-11-15,2021,2021,0,27.00751879699248,25-34,Black,Male,42003130600,0.0,0.0,0.0,0.0,0.0,0.0,9.141991416398266,0.0,1.0,1.0,1,3042.811083253094,0,0,0.6343431909316617,44,control,1343,0.013121458957162324,0.013121458957162324
1343,Graduated,1,2021-04-19,2021,2021,0,28.369104579630893,25-34,Black,Male,42003120900,0.0,0.0,0.0,0.0,1.0,1.0,7.9180240553302665,0.0,1.0,0.0,1,5468.260558157533,0,0,0.6212217319744994,44,treated,1466,0.013121458957162324,
1055,Non Graduated,0,2019-09-16,2019,2019,0,28.74367737525632,25-34,Black,Male,42003020100,0.0,0.0,0.0,0.0,0.0,0.0,9.219214935621071,0.0,1.0,0.0,1,20119.576286765478,0,0,0.634589088041901,45,control,889,0.010385080823990589,0.010385080823990589
889,Graduated,1,2018-12-11,2018,2019,0,25.998632946001365,25-34,Black,Male,42003202200,1.0,10.0,10.0,1.0,1.0,10.0,0.0,0.0,0.0,0.0,1,112.99172849311351,1,1,0.6242040072179104,45,treated,1055,0.010385080823990589,
775,Non Graduated,0,2018-06-04,2018,2018,0,32.14217361585782,25-34,Black,Male,42003450700,0.0,0.0,0.0,0.0,0.0,0.0,9.559376124373177,0.0,1.0,1.0,1,27257.196976406536,0,0,0.6356714012664216,46,control,743,0.010456126192164295,0.010456126192164295
743,Graduated,1,2018-03-19,2018,2018,0,25.00888585099112,25-34,Black,Male,42003522000,0.0,0.0,0.0,0.0,0.0,0.0,6.290504378949398,0.0,1.0,0.0,0,0.0,0,0,0.6252152750742573,46,treated,775,0.010456126192164295,
1354,Non Graduated,0,2021-05-03,2021,2021,0,29.74982911825017,25-34,Black,Male,42003191600,0.0,0.0,0.0,0.0,0.0,0.0,10.017137141490206,0.0,1.0,0.0,1,40028.527588768,0,0,0.6371257244756947,47,control,752,0.010490607973420496,0.010490607973420496
752,Graduated,1,2018-03-26,2018,2018,0,28.738209159261796,25-34,Black,Male,42003161000,1.0,4.0,7.0,1.0,0.0,0.0,9.51396603689039,0.0,1.0,0.0,1,27027.331922304475,0,0,0.6266351165022742,47,treated,1354,0.010490607973420496,
1422,Non Graduated,0,2021-08-30,2021,2021,0,25.306903622693092,25-34,Black,Male,42003561400,0.0,0.0,0.0,0.0,1.0,2.0,0.0,0.0,0.0,0.0,1,4839.932285951035,0,0,0.7061620457248703,48,control,1176,0.012605951822026507,0.012605951822026507
1176,Graduated,1,2020-03-16,2020,2020,0,26.53725222146275,25-34,Black,Male,42003120900,1.0,11.0,11.0,1.0,1.0,2.0,0.0,0.0,0.0,0.0,1,2425.982247748336,0,0,0.6935560939028438,48,treated,1422,0.012605951822026507,
1487,Non Graduated,0,2021-12-20,2021,2022,0,28.18591934381408,25-34,Black,Male,42003130600,0.0,0.0,0.0,0.0,1.0,2.0,0.0,0.0,0.0,0.0,0,0.0,0,0,0.7061620457248703,49,control,1247,0.008231326561935925,0.008231326561935925
1247,Graduated,1,2020-09-07,2020,2020,0,27.43403964456596,25-34,Black,Male,42003561500,0.0,0.0,0.0,0.0,1.0,3.0,0.0,0.0,0.0,0.0,1,7896.851880257203,0,0,0.6979307191629344,49,treated,1487,0.008231326561935925,
896,Non Graduated,0,2019-01-07,2019,2019,0,31.05126452494873,25-34,Black,Male,42003161000,1.0,5.0,7.0,1.0,1.0,1.0,0.0,0.0,0.0,0.0,1,3387.1237219261443,1,1,0.7064024792714905,50,control,796,0.005932894517041043,0.005932894517041043
796,Graduated,1,2018-07-09,2018,2018,0,25.049897470950103,25-34,Black,Male,42003523200,1.0,3.0,5.0,0.0,1.0,2.0,0.0,0.0,0.0,0.0,0,0.0,0,0,0.7004695847544494,50,treated,896,0.005932894517041043,
871,Non Graduated,0,2018-11-06,2018,2018,0,29.246753246753247,25-34,Black,Male,42003130800,0.0,0.0,0.0,0.0,0.0,0.0,0.0,0.0,0.0,0.0,0,0.0,0,0,0.7222243411435165,51,control,951,0.01558154333197459,0.01558154333197459
951,Graduated,1,2019-04-01,2019,2019,0,30.611073137388924,25-34,Black,Male,42003523200,1.0,9.0,14.0,1.0,0.0,0.0,0.0,0.0,0.0,0.0,1,2546.905744297181,0,0,0.7066427978115419,51,treated,871,0.01558154333197459,
1446,Non Graduated,0,2021-10-04,2021,2021,0,28.60697197539303,25-34,Black,Male,42003101900,0.0,0.0,0.0,0.0,0.0,0.0,0.0,0.0,0.0,0.0,1,30116.468170198023,0,0,0.7222243411435165,52,control,825,0.011077727597898157,0.011077727597898157
825,Graduated,1,2018-08-13,2018,2018,0,27.71291866028708,25-34,Black,Male,42003111300,1.0,6.0,10.0,1.0,0.0,0.0,0.0,0.0,0.0,0.0,0,0.0,0,0,0.7111466135456184,52,treated,1446,0.011077727597898157,
956,Non Graduated,0,2019-04-08,2019,2019,0,28.43198906356801,25-34,Black,Male,42003552000,0.0,0.0,0.0,0.0,0.0,0.0,0.0,0.0,0.0,0.0,0,0.0,0,0,0.7222243411435165,53,control,1166,0.007963439591997634,0.007963439591997634
1166,Graduated,1,2020-03-09,2020,2020,0,27.004784688995212,25-34,Black,Male,42129804100,0.0,0.0,0.0,0.0,1.0,1.0,0.0,0.0,0.0,0.0,0,0.0,0,0,0.7142609015515189,53,treated,956,0.007963439591997634,
1076,Non Graduated,0,2019-10-07,2019,2019,0,39.05946684894053,35+,Black,Male,42003521302,1.0,10.0,9.0,1.0,0.0,0.0,5.965441259515895,4.886199709166459,1.0,1.0,1,3956.7160635750033,0,0,0.5527134361934364,54,control,737,0.02118927357135525,0.02118927357135525
737,Graduated,1,2018-03-12,2018,2018,0,40.75187969924812,35+,Black,Male,42003262000,1.0,1.0,9.0,1.0,0.0,0.0,10.526656523123874,0.0,1.0,1.0,1,34659.09477591934,0,0,0.5315241626220811,54,treated,1076,0.02118927357135525,
1145,Non Graduated,0,2020-02-03,2020,2020,0,41.24675324675325,35+,Black,Male,42003504100,1.0,1.0,1.0,0.0,0.0,0.0,5.948281796181111,0.0,1.0,0.0,1,38186.05996751666,0,0,0.5720952331529036,55,control,916,0.027048603675321914,0.027048603675321914
916,Graduated,1,2019-02-04,2019,2019,0,35.85782638414218,35+,Black,Male,42007605500,1.0,5.0,6.0,1.0,0.0,0.0,8.337250963217242,0.0,1.0,0.0,1,1893.6142260754657,1,1,0.5450466294775816,55,treated,1145,0.027048603675321914,
851,Non Graduated,0,2018-10-08,2018,2018,0,39.42036910457964,35+,Black,Male,42003514000,0.0,0.0,0.0,0.0,0.0,0.0,7.197465286177765,0.0,1.0,0.0,1,60083.40395845882,0,0,0.5838134507950542,56,control,780,0.018804680599357804,0.018804680599357804
780,Graduated,1,2018-05-29,2018,2018,0,39.38482570061517,35+,Black,Male,42003515100,1.0,6.0,3.0,0.0,0.0,0.0,7.896611225858668,0.0,1.0,1.0,1,22897.075013001766,0,0,0.5650087701956964,56,treated,851,0.018804680599357804,
882,Non Graduated,0,2018-11-26,2018,2019,0,36.229665071770334,35+,Black,Male,42003130700,0.0,0.0,0.0,0.0,0.0,0.0,8.936578286045885,0.0,1.0,1.0,1,18339.5520957247,0,0,0.5901846381019783,57,control,1094,9.838266773720683e-05,9.838266773720683e-05
1094,Graduated,1,2019-10-28,2019,2020,0,39.89336978810663,35+,Black,Male,42003561400,1.0,8.0,12.0,1.0,0.0,0.0,9.975032207185913,10.573069501456771,1.0,1.0,1,12234.362757304389,0,0,0.5900862554342411,57,treated,882,9.838266773720683e-05,
900,Non Graduated,0,2019-01-16,2019,2019,0,39.84688995215311,35+,Black,Male,42003521401,0.0,0.0,0.0,0.0,0.0,0.0,9.281700186290452,0.0,1.0,0.0,1,58369.24222268713,0,0,0.591445461871231,58,control,1458,0.0003492732504839502,0.0003492732504839502
1458,Graduated,1,2021-10-25,2021,2021,0,43.99453178400547,35+,Black,Male,42003503002,0.0,0.0,0.0,0.0,0.0,0.0,9.186061782222598,0.0,1.0,1.0,1,17950.956320172205,0,0,0.5910961886207471,58,treated,900,0.0003492732504839502,
759,Non Graduated,0,2018-04-23,2018,2018,0,37.03622693096377,35+,Black,Male,42003486900,1.0,6.0,10.0,1.0,0.0,0.0,9.731093856343135,8.495158581651825,1.0,1.0,1,25459.029956841467,0,0,0.5874292839607343,59,control,1020,0.010986572787088145,0.010986572787088145
1020,Graduated,1,2019-07-01,2019,2019,0,42.60833902939166,35+,Black,Male,42003261400,1.0,10.0,9.0,1.0,0.0,0.0,9.829390090292913,8.966011413446829,1.0,1.0,1,2096.3381770454002,0,0,0.5984158567478225,59,treated,759,0.010986572787088145,
760,Non Graduated,0,2018-04-16,2018,2018,0,35.72932330827068,35+,Black,Male,42003523100,0.0,0.0,0.0,0.0,0.0,0.0,9.513111383877222,6.982520489635506,1.0,1.0,1,13263.980312395623,0,0,0.64426981713944,60,control,1433,0.039608106410162214,0.039608106410162214
1433,Graduated,1,2021-09-27,2021,2022,0,35.830485304169514,35+,Black,Male,42003180700,1.0,1.0,9.0,1.0,0.0,0.0,9.795430014184177,9.80743474215245,1.0,1.0,1,8184.033122727606,0,0,0.6046617107292778,60,treated,760,0.039608106410162214,
1026,Non Graduated,0,2019-07-10,2019,2019,0,38.31852358168148,35+,Black,Male,42003120300,1.0,10.0,8.0,1.0,0.0,0.0,0.0,0.0,0.0,0.0,0,0.0,0,1,0.6553676605093628,61,control,1438,0.03720519942738376,0.03720519942738376
1438,Graduated,1,2021-09-27,2021,2021,0,42.42241968557758,35+,Black,Male,42003140500,0.0,0.0,0.0,0.0,1.0,1.0,9.842381397287602,0.0,1.0,0.0,1,7077.56320950082,0,0,0.618162461081979,61,treated,1026,0.03720519942738376,
1346,Non Graduated,0,2021-04-26,2021,2021,0,37.24128503075872,35+,Black,Male,42003101900,0.0,0.0,0.0,0.0,0.0,0.0,9.247950295737564,9.267717638973803,1.0,1.0,1,12417.73804911126,0,0,0.659732705029429,62,control,1265,0.03413052733100752,0.03413052733100752
1265,Graduated,1,2020-10-26,2020,2021,0,36.103896103896105,35+,Black,Male,42003130700,1.0,2.0,5.0,0.0,0.0,0.0,9.422634567770599,9.092992017283114,1.0,1.0,1,2618.4330308737863,0,0,0.6256021776984215,62,treated,1346,0.03413052733100752,
1018,Non Graduated,0,2019-06-19,2019,2019,0,37.30690362269309,35+,Black,Male,42003519000,1.0,2.0,5.0,0.0,1.0,2.0,7.687471822223951,8.229863650141025,1.0,1.0,1,8122.100325656666,0,0,0.6607405182816314,63,control,811,0.030031307124843143,0.030031307124843143
811,Graduated,1,2018-07-30,2018,2018,0,36.88858509911141,35+,Black,Male,42003120900,1.0,2.0,9.0,1.0,1.0,2.0,8.524427688651759,7.364758928912722,1.0,1.0,0,0.0,0,1,0.6307092111567882,63,treated,1018,0.030031307124843143,
824,Non Graduated,0,2018-09-04,2018,2018,0,43.11414900888585,35+,Black,Male,42003514000,1.0,1.0,7.0,1.0,0.0,0.0,0.0,0.0,0.0,0.0,0,0.0,0,0,0.6619249213434704,64,control,1304,0.030200826170398987,0.030200826170398987
1304,Graduated,1,2021-01-25,2021,2021,0,46.87081339712919,35+,Black,Male,42003481000,0.0,0.0,0.0,0.0,0.0,0.0,7.869703115626016,6.048679049462639,1.0,1.0,1,13492.274742233203,0,0,0.6317240951730714,64,treated,824,0.030200826170398987,
920,Non Graduated,0,2019-02-11,2019,2019,0,43.25358851674641,35+,Black,Male,42003564000,0.0,0.0,0.0,0.0,0.0,0.0,9.128441902401844,10.752988845505639,1.0,1.0,1,13823.698860949702,1,0,0.6697824644138651,65,control,797,0.0290702133946642,0.0290702133946642
797,Graduated,1,2018-07-09,2018,2018,0,39.24812030075188,35+,Black,Male,42003300100,0.0,0.0,0.0,0.0,0.0,0.0,7.5567310511983985,7.428248749289208,1.0,1.0,0,0.0,1,0,0.6407122510192009,65,treated,920,0.0290702133946642,
1097,Non Graduated,0,2019-11-04,2019,2019,0,37.919343814080655,35+,Black,Male,42003262000,1.0,5.0,9.0,1.0,1.0,4.0,9.385428235301017,8.780640893717106,1.0,1.0,1,18609.465849504068,0,1,0.6899023517318673,66,control,1195,0.037103427509471154,0.037103427509471154
1195,Graduated,1,2020-06-08,2020,2020,0,37.13465481886534,35+,Black,Male,42003515100,0.0,0.0,0.0,0.0,0.0,0.0,8.785111849180945,8.51583648898234,1.0,1.0,1,34578.01303694412,0,0,0.6527989242223962,66,treated,1097,0.037103427509471154,
210,Non Graduated,0,2020-07-27,2020,2020,0,43.04306220095694,35+,Black,Male,42003515100,1.0,3.0,3.0,0.0,1.0,3.0,9.013881489412897,8.142537916826035,1.0,1.0,0,0.0,0,0,0.6996335563947136,67,control,1456,0.037742476488243026,0.037742476488243026
1456,Graduated,1,2021-10-18,2021,2021,0,46.95283663704716,35+,Black,Male,42003101900,0.0,0.0,0.0,0.0,0.0,0.0,10.273494467008634,9.081900393992115,1.0,1.0,1,36899.21165964457,0,0,0.6618910799064706,67,treated,210,0.037742476488243026,
776,Non Graduated,0,2018-05-29,2018,2018,0,44.94873547505127,35+,Black,Male,42003481000,0.0,0.0,0.0,0.0,0.0,0.0,0.0,0.0,0.0,0.0,0,0.0,0,0,0.7060020910925754,68,control,1250,0.030980352398489064,0.030980352398489064
1250,Graduated,1,2020-09-07,2020,2020,0,35.37388926862611,35+,Black,Male,42003477300,0.0,0.0,0.0,0.0,0.0,0.0,10.439265675491445,10.878912382916171,1.0,1.0,1,34567.00198457708,0,0,0.6750217386940863,68,treated,776,0.030980352398489064,
1080,Non Graduated,0,2019-10-14,2019,2019,0,35.018455228981544,35+,Black,Male,42003560400,0.0,0.0,0.0,0.0,0.0,0.0,0.0,0.0,0.0,0.0,1,7377.513491137144,0,0,0.7060020910925754,69,control,1478,0.02925428468166691,0.02925428468166691
1478,Graduated,1,2021-12-06,2021,2022,0,37.829118250170886,35+,Black,Male,42003130700,0.0,0.0,0.0,0.0,0.0,0.0,10.628681962662519,11.037778233363413,1.0,1.0,1,55196.394411224224,0,0,0.6767478064109085,69,treated,1080,0.02925428468166691,
1004,Non Graduated,0,2019-06-10,2019,2019,0,20.142173615857825,<=24,Black,Male,42003120900,1.0,7.0,10.0,1.0,1.0,3.0,10.355237341594847,9.542454476964588,1.0,1.0,1,5251.106648902917,0,0,0.35798873103415496,70,control,1109,0.01018315450935292,0.01018315450935292
1109,Graduated,1,2019-12-02,2019,2020,0,20.64524948735475,<=24,Black,Male,42003300100,1.0,4.0,10.0,1.0,0.0,0.0,10.666733565324733,10.596959109322558,1.0,1.0,1,27295.79721330695,0,0,0.34780557652480204,70,treated,1004,0.01018315450935292,
1161,Non Graduated,0,2020-03-02,2020,2020,0,20.1038961038961,<=24,Black,Male,42003488600,1.0,4.0,10.0,1.0,1.0,10.0,9.95840421511209,9.249709047933537,1.0,1.0,1,45341.423648001946,0,0,0.3653483299928701,71,control,1170,0.009033026235459873,0.009033026235459873
1170,Graduated,1,2020-03-16,2020,2020,0,21.517429938482568,<=24,Black,Male,42003551200,1.0,6.0,9.0,1.0,1.0,2.0,10.178328826652653,8.929402153874063,1.0,1.0,1,254.85912093446714,0,0,0.37438135622832996,71,treated,1161,0.009033026235459873,
1220,Non Graduated,0,2020-08-17,2020,2020,0,23.16883116883117,<=24,Black,Male,42003290100,1.0,4.0,10.0,1.0,1.0,7.0,8.021304103186194,8.976550732184954,1.0,1.0,1,2444.1971710838097,0,0,0.3913032378327978,72,control,1317,0.0058797195204010055,0.0058797195204010055
1317,Graduated,1,2021-03-01,2021,2021,0,19.562542720437456,<=24,Black,Male,42003523200,1.0,4.0,9.0,1.0,0.0,0.0,8.770776287114467,10.064572975182775,1.0,1.0,1,8564.95973995252,0,0,0.3854235183123968,72,treated,1220,0.0058797195204010055,
998,Non Graduated,0,2019-07-08,2019,2019,0,18.32399179767601,<=24,Black,Male,42003515200,1.0,6.0,8.0,1.0,1.0,1.0,9.56691729167919,9.0732308901769,1.0,1.0,1,11840.533378204858,0,0,0.3921530226345293,73,control,1221,0.005451040834273224,0.005451040834273224
1221,Graduated,1,2020-07-20,2020,2020,0,19.138755980861244,<=24,Black,Male,42003484600,1.0,19.0,10.0,1.0,1.0,35.0,9.047867849054594,8.020459229467368,1.0,1.0,1,6404.360554115627,0,0,0.38670198180025606,73,treated,998,0.005451040834273224,
972,Non Graduated,0,2019-04-29,2019,2019,0,23.423103212576898,<=24,Black,Male,42003130800,1.0,4.0,5.0,0.0,0.0,0.0,9.723284183535638,8.774569570015682,1.0,1.0,1,1460.409336099585,0,0,0.42524703287586235,74,control,618,0.005077712517078281,0.005077712517078281
618,Graduated,1,2019-02-18,2019,2019,0,21.233082706766915,<=24,Black,Male,42003523701,1.0,3.0,6.0,1.0,1.0,5.0,10.212579413378615,6.793719525439346,1.0,1.0,1,78762.33727177765,0,0,0.42016932035878407,74,treated,972,0.005077712517078281,
1035,Non Graduated,0,2019-07-22,2019,2019,0,23.505126452494878,<=24,Black,Male,42003562500,1.0,3.0,3.0,0.0,1.0,8.0,10.197239013901774,9.781282444413916,1.0,1.0,1,33055.41780259851,0,0,0.4362570215282806,75,control,1282,0.0010975078727892273,0.0010975078727892273
1282,Graduated,1,2020-11-16,2020,2021,0,22.8133971291866,<=24,Black,Male,42003562901,1.0,5.0,5.0,0.0,1.0,1.0,8.692588578478578,9.40482338337426,1.0,1.0,1,54762.206846689565,0,0,0.4351595136554914,75,treated,1035,0.0010975078727892273,
1037,Non Graduated,0,2019-07-22,2019,2019,0,20.795625427204374,<=24,Black,Male,42003561400,1.0,4.0,10.0,1.0,0.0,0.0,0.0,9.588777470139577,0.0,1.0,1,96.67070104410823,0,0,0.44098906518818426,76,control,1464,0.0023313731016578743,0.0023313731016578743
1464,Graduated,1,2021-11-08,2021,2022,0,18.266575529733423,<=24,Black,Male,42003513800,1.0,7.0,10.0,1.0,1.0,5.0,0.0,9.298865448995109,0.0,1.0,1,18198.779465914267,0,0,0.44332043828984213,76,treated,1037,0.0023313731016578743,
1460,Non Graduated,0,2021-11-01,2021,2021,0,19.98906356801093,<=24,Black,Male,42003130800,1.0,7.0,11.0,1.0,1.0,9.0,6.220730255156164,0.0,1.0,0.0,1,24490.674815600076,0,0,0.4589098535598637,77,control,1441,0.0007394111805358317,0.0007394111805358317
1441,Graduated,1,2021-09-27,2021,2022,0,21.736158578263844,<=24,Black,Male,42003551200,1.0,2.0,9.0,1.0,0.0,0.0,0.0,8.658858468698925,0.0,1.0,1,1048.402479178772,0,1,0.45817044237932786,77,treated,1460,0.0007394111805358317,
817,Non Graduated,0,2018-08-06,2018,2018,0,19.84688995215311,<=24,Black,Male,42003111500,1.0,1.0,3.0,0.0,1.0,2.0,9.201034420343797,8.665454042545807,1.0,1.0,1,9213.996750685228,0,0,0.45583763319022885,78,control,1143,0.0030568139784112325,0.0030568139784112325
1143,Graduated,1,2020-01-27,2020,2020,0,23.756664388243333,<=24,Black,Male,42003401200,1.0,10.0,9.0,1.0,0.0,0.0,7.85386567727072,0.0,1.0,0.0,0,0.0,0,0,0.4588944471686401,78,treated,817,0.0030568139784112325,
980,Non Graduated,0,2019-05-13,2019,2019,0,22.29665071770335,<=24,Black,Male,42003504100,0.0,0.0,0.0,0.0,0.0,0.0,10.167457264073622,10.00082141141201,1.0,1.0,1,20433.261750547696,0,0,0.46870681592459973,79,control,1467,3.827627115321475e-05,3.827627115321475e-05
1467,Graduated,1,2021-11-15,2021,2022,0,20.150375939849624,<=24,Black,Male,42003564400,0.0,0.0,0.0,0.0,0.0,0.0,10.496729621076563,9.283287277644053,1.0,1.0,1,82220.77330829839,0,0,0.46874509219575294,79,treated,980,3.827627115321475e-05,
1303,Non Graduated,0,2021-01-26,2021,2021,0,18.94736842105263,<=24,Black,Male,42003492900,0.0,0.0,0.0,0.0,0.0,0.0,9.927163063817295,9.370225449573994,1.0,1.0,1,22258.27657344382,0,0,0.475886237549859,80,control,1404,0.003113989000980477,0.003113989000980477
1404,Graduated,1,2021-08-02,2021,2021,0,18.52358168147642,<=24,Black,Male,42003492700,0.0,0.0,0.0,0.0,0.0,0.0,10.229028269952785,9.21650892611682,1.0,1.0,1,36167.19941494863,0,0,0.4727722485488785,80,treated,1303,0.003113989000980477,
1258,Non Graduated,0,2020-09-28,2020,2020,0,19.171565276828435,<=24,Black,Male,42003151700,0.0,0.0,0.0,0.0,0.0,0.0,9.990815344127714,9.20118310662954,1.0,1.0,1,38922.757366758226,0,0,0.4760832142181197,81,control,1477,0.00203283808767335,0.00203283808767335
1477,Graduated,1,2021-12-13,2021,2022,0,19.28092959671907,<=24,Black,Male,42003526302,0.0,0.0,0.0,0.0,0.0,0.0,9.86891161037131,9.789913932190638,1.0,1.0,1,17116.91319927841,0,0,0.47405037613044637,81,treated,1258,0.00203283808767335,
1474,Non Graduated,0,2021-11-29,2021,2022,0,18.54272043745728,<=24,Black,Male,42003488400,0.0,0.0,0.0,0.0,0.0,0.0,9.906322432527011,9.206790902790477,1.0,1.0,1,39876.92742551731,0,0,0.477189086545519,82,control,893,0.0019324281374422658,0.0019324281374422658
893,Graduated,1,2018-12-17,2018,2019,0,19.30827067669173,<=24,Black,Male,42003523100,0.0,0.0,0.0,0.0,0.0,0.0,10.487128802939411,8.261162562198756,1.0,1.0,1,51506.43717387643,0,0,0.47525665840807674,82,treated,1474,0.0019324281374422658,
1472,Non Graduated,0,2021-11-29,2021,2021,0,19.79220779220779,<=24,Black,Male,42003550900,0.0,0.0,0.0,0.0,0.0,0.0,9.817667589206094,9.347280723097594,1.0,1.0,1,42174.153349249034,0,0,0.4775081931647426,83,control,885,0.0007259336872065814,0.0007259336872065814
885,Graduated,1,2018-12-03,2018,2019,0,22.68762816131237,<=24,Black,Male,42003483800,0.0,0.0,0.0,0.0,0.0,0.0,9.97905880318839,9.114731091309402,1.0,1.0,1,37938.52367174655,0,0,0.476782259477536,83,treated,1472,0.0007259336872065814,
1245,Non Graduated,0,2020-08-31,2020,2020,0,23.85782638414217,<=24,Black,Male,42003403500,1.0,3.0,3.0,0.0,1.0,1.0,7.883085158670724,7.847377038384656,1.0,1.0,1,28236.639275000296,0,1,0.478585499969573,84,control,902,0.0006489558000964402,0.0006489558000964402
902,Graduated,1,2019-01-07,2019,2019,0,22.742310321257687,<=24,Black,Male,42003270800,1.0,8.0,12.0,1.0,1.0,2.0,0.0,0.0,0.0,0.0,1,6068.796242508472,0,0,0.47793654416947656,84,treated,1245,0.0006489558000964402,
1231,Non Graduated,0,2020-07-27,2020,2020,0,22.870813397129183,<=24,Black,Male,42003130200,0.0,0.0,0.0,0.0,0.0,0.0,9.89309224600507,8.547299271466029,1.0,1.0,1,17673.88038322477,0,0,0.481491558010171,85,control,860,6.818603014496771e-05,6.818603014496771e-05
860,Graduated,1,2018-10-15,2018,2019,0,21.640464798359535,<=24,Black,Male,42003499300,1.0,3.0,3.0,0.0,1.0,5.0,8.33834886229603,6.479849584111078,1.0,1.0,1,3589.175099864705,0,0,0.48142337198002605,85,treated,1231,6.818603014496771e-05,
1453,Non Graduated,0,2021-10-11,2021,2021,0,23.956254272043747,<=24,Black,Male,42003040900,0.0,0.0,0.0,0.0,0.0,0.0,9.219205230166471,8.814204187402444,1.0,1.0,1,19790.077506247602,0,0,0.48893262615912797,86,control,1059,0.0008845560403904495,0.0008845560403904495
1059,Graduated,1,2019-09-18,2019,2019,0,19.283663704716336,<=24,Black,Male,42003120900,0.0,0.0,0.0,0.0,0.0,0.0,8.976166516249672,9.480589747562178,1.0,1.0,1,7046.4888224088745,0,1,0.4880480701187375,86,treated,1453,0.0008845560403904495,
1105,Non Graduated,0,2019-11-25,2019,2020,0,21.673274094326725,<=24,Black,Male,42003523300,0.0,0.0,0.0,0.0,1.0,4.0,9.343363717309916,8.396641181318785,1.0,1.0,1,30310.9994004336,0,0,0.4903049768425232,87,control,855,0.001983788354142091,0.001983788354142091
855,Graduated,1,2018-10-16,2018,2018,0,20.071086807928918,<=24,Black,Male,42003560400,1.0,11.0,6.0,1.0,1.0,16.0,8.359170820627666,0.0,1.0,0.0,1,21967.9673492171,0,0,0.48832118848838113,87,treated,1105,0.001983788354142091,
1066,Non Graduated,0,2019-09-30,2019,2019,0,21.208475734791524,<=24,Black,Male,42003130700,1.0,4.0,3.0,0.0,1.0,4.0,6.308347247022866,8.654590789297092,1.0,1.0,0,0.0,1,0,0.4951551788482642,88,control,1396,0.004997874484095277,0.004997874484095277
1396,Graduated,1,2021-07-19,2021,2021,0,19.0704032809296,<=24,Black,Male,42003561900,0.0,0.0,0.0,0.0,1.0,8.0,9.008050828911392,9.214552763958144,1.0,1.0,1,18399.314511546385,0,0,0.49015730436416893,88,treated,1066,0.004997874484095277,
1284,Non Graduated,0,2020-12-01,2020,2020,0,23.948051948051948,<=24,Black,Male,42003111500,0.0,0.0,0.0,0.0,0.0,0.0,8.246238047804798,9.760003632388969,1.0,1.0,1,13247.88868574395,0,0,0.49617362942602466,89,control,977,0.0054815201084215115,0.0054815201084215115
977,Graduated,1,2019-05-06,2019,2019,0,23.097744360902254,<=24,Black,Male,42003486900,1.0,1.0,2.0,0.0,1.0,2.0,8.289093377594925,6.894479437583601,1.0,1.0,1,387.13869107380515,1,0,0.49069210931760315,89,treated,1284,0.0054815201084215115,
1326,Non Graduated,0,2021-03-15,2021,2021,0,20.196855775803144,<=24,Black,Male,42003101900,0.0,0.0,0.0,0.0,0.0,0.0,9.461095128272213,9.182912536980051,1.0,1.0,1,4196.613029584222,0,0,0.48335409140161534,90,control,769,0.008161410351740062,0.008161410351740062
769,Graduated,1,2018-05-14,2018,2018,0,19.78127136021873,<=24,Black,Male,42003484300,0.0,0.0,0.0,0.0,0.0,0.0,9.700496163194627,7.36184689152198,1.0,1.0,1,15251.978896796069,0,0,0.4915155017533554,90,treated,1326,0.008161410351740062,
1392,Non Graduated,0,2021-07-12,2021,2021,0,18.652084757347914,<=24,Black,Male,42003564800,0.0,0.0,0.0,0.0,0.0,0.0,9.340301079401797,9.536633216232934,1.0,1.0,1,8644.057274073646,0,0,0.48277385064270556,91,control,1197,0.011291327472611024,0.011291327472611024
1197,Graduated,1,2020-06-15,2020,2020,0,23.373889268626108,<=24,Black,Male,42003050900,0.0,0.0,0.0,0.0,0.0,0.0,8.81488671948739,8.868077550537153,1.0,1.0,1,5501.282786641644,0,0,0.4940651781153166,91,treated,1392,0.011291327472611024,
1272,Non Graduated,0,2020-12-01,2020,2021,0,22.35406698564593,<=24,Black,Male,42003523300,0.0,0.0,0.0,0.0,0.0,0.0,8.103654605209591,8.572238063733359,1.0,1.0,1,15119.717607857527,0,0,0.5055426001187873,92,control,1339,0.009961609360989665,0.009961609360989665
1339,Graduated,1,2021-04-12,2021,2021,0,22.211893369788108,<=24,Black,Male,42003523200,0.0,0.0,0.0,0.0,0.0,0.0,8.988062230796668,8.251900399862976,1.0,1.0,1,34566.058171229306,0,0,0.4955809907577976,92,treated,1272,0.009961609360989665,
878,Non Graduated,0,2018-11-12,2018,2018,0,21.391660970608346,<=24,Black,Male,42003552300,1.0,4.0,5.0,0.0,1.0,3.0,7.5813108608455355,0.0,1.0,0.0,0,0.0,1,1,0.5089572023972412,93,control,1382,0.012092449657167548,0.012092449657167548
1382,Graduated,1,2021-06-22,2021,2021,0,20.24606971975393,<=24,Black,Male,42003050600,0.0,0.0,0.0,0.0,0.0,0.0,8.657489702861996,8.761142173710308,1.0,1.0,1,29735.197298315805,0,0,0.49686475274007363,93,treated,878,0.012092449657167548,
946,Non Graduated,0,2019-03-18,2019,2019,0,23.84688995215311,<=24,Black,Male,42003509400,0.0,0.0,0.0,0.0,0.0,0.0,8.931128403038922,6.173565826602999,1.0,1.0,1,7757.6948655803635,0,0,0.5093681813555575,94,control,733,0.010517792411308624,0.010517792411308624
733,Graduated,1,2018-03-05,2018,2018,0,22.31578947368421,<=24,Black,Male,42003401200,1.0,4.0,3.0,0.0,1.0,2.0,10.024899320876749,0.0,1.0,1.0,1,18415.71295401936,0,0,0.4988503889442489,94,treated,946,0.010517792411308624,
1352,Non Graduated,0,2021-04-26,2021,2022,0,19.96719070403281,<=24,Black,Male,42003561500,1.0,5.0,9.0,1.0,1.0,3.0,0.0,0.0,0.0,0.0,0,0.0,0,1,0.5126339610869503,95,control,1476,0.011751159474193584,0.011751159474193584
1476,Graduated,1,2021-12-06,2021,2022,0,18.1244019138756,<=24,Black,Male,42003130700,1.0,10.0,10.0,1.0,1.0,1.0,0.0,0.0,0.0,0.0,1,7284.440523993162,0,0,0.5008828016127567,95,treated,1352,0.011751159474193584,
1370,Non Graduated,0,2021-06-02,2021,2022,0,21.27956254272044,<=24,Black,Male,42003561500,0.0,0.0,0.0,0.0,0.0,0.0,8.952546128874921,5.274856704748263,1.0,1.0,1,1987.708957084614,0,0,0.514704384308365,96,control,1041,0.013670930055754815,0.013670930055754815
1041,Graduated,1,2019-08-12,2019,2019,0,19.20710868079289,<=24,Black,Male,42003500300,0.0,0.0,0.0,0.0,0.0,0.0,8.368519086365025,8.719921864194601,1.0,1.0,1,19188.602978909024,0,0,0.5010334542526101,96,treated,1370,0.013670930055754815,
1340,Non Graduated,0,2021-04-26,2021,2021,0,22.561859193438146,<=24,Black,Male,42003101900,0.0,0.0,0.0,0.0,0.0,0.0,7.497889557986865,7.675409519629435,1.0,1.0,1,5384.134557683957,0,0,0.5193482110768572,97,control,942,0.018027730731072,0.018027730731072
942,Graduated,1,2019-03-18,2019,2019,0,22.77238550922761,<=24,Black,Male,42003300100,1.0,13.0,10.0,1.0,1.0,5.0,0.0,0.0,0.0,0.0,0,0.0,1,0,0.5013204803457852,97,treated,1340,0.018027730731072,
747,Non Graduated,0,2018-03-26,2018,2018,0,22.31578947368421,<=24,Black,Male,42003468900,1.0,5.0,7.0,1.0,1.0,2.0,0.0,0.0,0.0,0.0,1,7168.375790610766,0,1,0.5355372248549926,98,control,881,0.03312255799728414,0.03312255799728414
881,Graduated,1,2018-11-26,2018,2019,0,18.851674641148325,<=24,Black,Male,42003475301,1.0,9.0,10.0,1.0,1.0,15.0,0.0,0.0,0.0,0.0,1,26675.129918271472,0,0,0.5024146668577084,98,treated,747,0.03312255799728414,
1254,Non Graduated,0,2020-09-21,2020,2020,0,23.133287764866715,<=24,Black,Male,42003050100,1.0,4.0,7.0,1.0,1.0,10.0,0.0,0.0,0.0,0.0,0,0.0,1,1,0.5364080554199588,99,control,1360,0.03201791223706041,0.03201791223706041
1360,Graduated,1,2021-05-10,2021,2021,0,21.306903622693092,<=24,Black,Male,42003051000,0.0,0.0,0.0,0.0,0.0,0.0,7.513395788281147,10.031513485932495,1.0,1.0,1,7672.339539399001,0,0,0.5043901431828984,99,treated,1254,0.03201791223706041,
1261,Non Graduated,0,2020-10-05,2020,2020,0,22.285714285714285,<=24,Black,Male,42003492700,1.0,4.0,6.0,1.0,0.0,0.0,0.0,0.0,0.0,0.0,1,1925.3849341762198,1,1,0.5467762301140195,100,control,1063,0.03988952645593946,0.03988952645593946
1063,Graduated,1,2019-09-23,2019,2019,0,19.67464114832536,<=24,Black,Male,42003462600,1.0,18.0,5.0,0.0,1.0,1.0,0.0,8.249313192556116,0.0,1.0,0,0.0,0,0,0.5068867036580801,100,treated,1261,0.03988952645593946,
1421,Non Graduated,0,2021-08-30,2021,2021,0,21.336978810663023,<=24,Black,Male,42003130800,1.0,8.0,6.0,1.0,1.0,13.0,0.0,0.0,0.0,0.0,1,675.1500709555345,0,0,0.5481858645310792,101,control,1232,0.038030302146927375,0.038030302146927375
1232,Graduated,1,2020-08-03,2020,2020,0,20.3444976076555,<=24,Black,Male,42003101900,0.0,0.0,0.0,0.0,0.0,0.0,7.991017022132381,8.078939908725909,1.0,1.0,1,42557.106644078245,0,0,0.5101555623841518,101,treated,1421,0.038030302146927375,
1194,Non Graduated,0,2020-06-01,2020,2020,0,18.941900205058097,<=24,Black,Male,42003513000,1.0,10.0,6.0,1.0,1.0,17.0,0.0,0.0,0.0,0.0,0,0.0,0,0,0.5486194437635392,102,control,1237,0.03451516559043055,0.03451516559043055
1237,Graduated,1,2020-08-17,2020,2020,0,19.557074504442927,<=24,Black,Male,42003191500,0.0,0.0,0.0,0.0,0.0,0.0,7.809572321596633,7.84016113562523,1.0,1.0,1,2634.074982650856,0,1,0.5141042781731087,102,treated,1194,0.03451516559043055,
1113,Non Graduated,0,2019-12-09,2019,2020,0,19.272727272727277,<=24,Black,Male,42003202200,0.0,0.0,0.0,0.0,1.0,1.0,8.741021479243233,0.0,1.0,0.0,1,34170.59622264565,0,1,0.5505470734996664,103,control,1249,0.03159551239232894,0.03159551239232894
1249,Graduated,1,2020-09-14,2020,2020,0,19.18796992481203,<=24,Black,Male,42003526201,0.0,0.0,0.0,0.0,0.0,0.0,7.603069192569014,7.51158574979655,1.0,1.0,1,14179.79598688587,0,0,0.5189515611073374,103,treated,1113,0.03159551239232894,
762,Non Graduated,0,2018-04-23,2018,2018,0,23.65003417634997,<=24,Black,Male,42003561400,0.0,0.0,0.0,0.0,0.0,0.0,8.731209811901616,0.0,1.0,1.0,1,16470.237615299535,0,0,0.5505701928783133,104,control,1286,0.02216622925531475,0.02216622925531475
1286,Graduated,1,2020-12-07,2020,2021,0,19.24538619275461,<=24,Black,Male,42003561400,1.0,1.0,1.0,0.0,1.0,3.0,6.068784827017833,7.524731842009927,1.0,1.0,1,14922.318923129325,0,1,0.5284039636229986,104,treated,762,0.02216622925531475,
993,Non Graduated,0,2019-07-01,2019,2019,0,22.950102529049897,<=24,Black,Male,42129800700,0.0,0.0,0.0,0.0,0.0,0.0,0.0,9.56214162825643,0.0,1.0,1,20398.887354399616,0,0,0.555993823442608,105,control,1315,0.024029426879072835,0.024029426879072835
1315,Graduated,1,2021-02-22,2021,2021,0,22.313055365686942,<=24,Black,Male,42003120900,0.0,0.0,0.0,0.0,1.0,4.0,10.148023421452645,0.0,1.0,0.0,1,34386.610501566705,0,0,0.5319643965635351,105,treated,993,0.024029426879072835,
868,Non Graduated,0,2018-11-26,2018,2019,0,23.90704032809296,<=24,Black,Male,42003523100,0.0,0.0,0.0,0.0,1.0,7.0,8.280785692727505,0.0,1.0,1.0,1,14263.46240372764,0,0,0.5573515669962101,106,control,701,0.021806941141083502,0.021806941141083502
701,Graduated,1,2018-01-08,2018,2018,0,22.594668489405333,<=24,Black,Male,42003561400,1.0,2.0,3.0,0.0,0.0,0.0,7.292767791155001,0.0,1.0,1.0,1,11484.380455145198,0,0,0.5355446258551266,106,treated,868,0.021806941141083502,
974,Non Graduated,0,2019-05-06,2019,2019,0,18.95557074504443,<=24,Black,Male,42003504100,0.0,0.0,0.0,0.0,0.0,0.0,7.837569249076767,0.0,1.0,0.0,1,7066.3854049069405,0,0,0.5625083305014189,107,control,753,0.026644518502417558,0.026644518502417558
753,Graduated,1,2018-04-09,2018,2018,0,20.317156527682844,<=24,Black,Male,42003130800,1.0,7.0,7.0,1.0,1.0,5.0,0.0,0.0,0.0,0.0,1,97.56061464353765,0,0,0.5358638119990013,107,treated,974,0.026644518502417558,
975,Non Graduated,0,2019-04-29,2019,2019,0,19.830485304169517,<=24,Black,Male,42003483800,0.0,0.0,0.0,0.0,1.0,2.0,0.0,8.124714151362353,0.0,1.0,1,18932.99886167323,0,0,0.5650807277401684,108,control,1449,0.016612761849128854,0.016612761849128854
1449,Graduated,1,2021-10-11,2021,2022,0,18.244702665755295,<=24,Black,Male,42003520002,0.0,0.0,0.0,0.0,0.0,0.0,8.888092995324866,0.0,1.0,0.0,1,44654.40270279729,0,0,0.5484679658910395,108,treated,975,0.016612761849128854,
869,Non Graduated,0,2018-10-30,2018,2018,0,22.072453861927546,<=24,Black,Male,42003561500,0.0,0.0,0.0,0.0,0.0,0.0,0.0,7.603159103363508,0.0,1.0,1,29969.24133865715,0,0,0.5680746670333483,109,control,1222,0.01700769200548169,0.01700769200548169
1222,Graduated,1,2020-07-17,2020,2021,0,18.08339029391661,<=24,Black,Male,42003130600,0.0,0.0,0.0,0.0,0.0,0.0,5.2420221616551315,7.458317097192751,1.0,1.0,1,8441.255300594554,0,0,0.5510669750278666,109,treated,869,0.01700769200548169,
756,Non Graduated,0,2018-04-02,2018,2018,0,23.01572112098428,<=24,Black,Male,42003520002,1.0,5.0,3.0,0.0,0.0,0.0,0.0,0.0,0.0,0.0,1,2308.8150042814805,0,0,0.5808037545614512,110,control,1402,0.02098907680902906,0.02098907680902906
1402,Graduated,1,2021-08-03,2021,2021,0,18.570061517429934,<=24,Black,Male,42003523702,0.0,0.0,0.0,0.0,0.0,0.0,0.0,8.943840330960185,0.0,1.0,1,3321.2456133257865,0,0,0.5598146777524221,110,treated,756,0.02098907680902906,
1397,Non Graduated,0,2021-07-19,2021,2021,0,18.149008885850996,<=24,Black,Male,42003522000,1.0,1.0,3.0,0.0,1.0,1.0,0.0,0.0,0.0,0.0,1,51049.357703014655,0,0,0.5809103132860851,111,control,937,0.014982462117441586,0.014982462117441586
937,Graduated,1,2019-02-25,2019,2019,0,21.695146958304854,<=24,Black,Male,42003483800,0.0,0.0,0.0,0.0,1.0,3.0,7.604901206581537,0.0,1.0,0.0,1,432.47104365545744,0,0,0.5659278511686435,111,treated,1397,0.014982462117441586,
745,Non Graduated,0,2018-03-26,2018,2018,0,22.673957621326043,<=24,Black,Male,42003551200,1.0,2.0,2.0,0.0,1.0,2.0,0.0,0.0,0.0,0.0,1,5331.0857071682585,1,0,0.5922052133464313,112,control,958,0.023847072910140543,0.023847072910140543
958,Graduated,1,2019-04-15,2019,2019,0,22.84347231715653,<=24,Black,Male,42003513000,0.0,0.0,0.0,0.0,0.0,0.0,0.0,7.557043716736906,0.0,1.0,1,9250.51994937743,0,0,0.5683581404362907,112,treated,745,0.023847072910140543,
1104,Non Graduated,0,2019-11-11,2019,2019,0,21.36158578263841,<=24,Black,Male,42003480200,0.0,0.0,0.0,0.0,0.0,0.0,0.0,0.0,0.0,0.0,1,2546.035886899064,1,1,0.6140796985559334,113,control,1450,0.03680576557430082,0.03680576557430082
1450,Graduated,1,2021-11-01,2021,2022,0,23.652768284347232,<=24,Black,Male,42003271600,0.0,0.0,0.0,0.0,0.0,0.0,6.72463135597617,0.0,1.0,0.0,1,10750.196914081846,0,0,0.5772739329816325,113,treated,1104,0.03680576557430082,
826,Non Graduated,0,2018-08-27,2018,2018,0,19.784005468215994,<=24,Black,Male,42003130800,0.0,0.0,0.0,0.0,0.0,0.0,0.0,0.0,0.0,0.0,1,5197.559338327435,0,0,0.6140796985559334,114,control,961,0.03306283409205335,0.03306283409205335
961,Graduated,1,2019-04-15,2019,2019,0,19.73479152426521,<=24,Black,Male,42129800600,1.0,1.0,3.0,0.0,1.0,2.0,0.0,0.0,0.0,0.0,1,1302.2647431894084,0,0,0.58101686446388,114,treated,826,0.03306283409205335,
1163,Non Graduated,0,2020-02-26,2020,2020,0,18.22556390977444,<=24,Black,Male,42003492800,0.0,0.0,0.0,0.0,1.0,1.0,0.0,0.0,0.0,0.0,0,0.0,0,0,0.6141834175401676,115,control,1372,0.00010371898423422454,0.00010371898423422454
1372,Graduated,1,2021-06-22,2021,2021,0,19.10594668489405,<=24,Black,Male,42003561500,0.0,0.0,0.0,0.0,0.0,0.0,0.0,0.0,0.0,0.0,1,6390.632859020042,0,0,0.6140796985559334,115,treated,1163,0.00010371898423422454,
1218,Non Graduated,0,2020-07-17,2020,2020,0,18.151742993848256,<=24,Black,Male,42003250900,0.0,0.0,0.0,0.0,1.0,3.0,0.0,0.0,0.0,0.0,1,3705.5904285839106,0,0,0.6143908244011159,116,control,713,0.00031112584518255826,0.00031112584518255826
713,Graduated,1,2018-01-22,2018,2018,0,22.85987696514012,<=24,Black,Male,42003271600,0.0,0.0,0.0,0.0,0.0,0.0,0.0,0.0,0.0,0.0,1,9195.767800360549,0,0,0.6140796985559334,116,treated,1218,0.00031112584518255826,
1178,Non Graduated,0,2020-03-16,2020,2020,0,23.436773752563223,<=24,Black,Male,42003488300,0.0,0.0,0.0,0.0,1.0,5.0,0.0,0.0,0.0,0.0,1,1093.713260408692,0,0,0.6145981897295362,117,control,1344,0.0005184911736028086,0.0005184911736028086
1344,Graduated,1,2021-04-19,2021,2021,0,20.22966507177033,<=24,Black,Male,42003523502,0.0,0.0,0.0,0.0,0.0,0.0,0.0,0.0,0.0,0.0,1,7234.349079176945,0,0,0.6140796985559334,117,treated,1178,0.0005184911736028086,
982,Non Graduated,0,2019-06-03,2019,2019,0,29.88106630211893,25-34,Unknown,Male,42003130200,0.0,0.0,0.0,0.0,0.0,0.0,0.0,0.0,0.0,0.0,0,0.0,0,0,0.5,118,control,768,0.0,0.0
768,Graduated,1,2018-05-07,2018,2018,0,27.31920710868079,25-34,Unknown,Male,0,0.0,0.0,0.0,0.0,0.0,0.0,0.0,0.0,0.0,0.0,0,0.0,0,0,0.5,118,treated,982,0.0,
1106,Non Graduated,0,2019-11-11,2019,2019,0,28.23786739576213,25-34,Unknown,Unknown,0,0.0,0.0,0.0,0.0,0.0,0.0,0.0,0.0,0.0,0.0,0,0.0,0,0,0.7142435086103718,119,control,11,0.0,0.0
11,Graduated,1,2018-01-01,2018,2018,0,28.29254955570745,25-34,Unknown,Unknown,0,0.0,0.0,0.0,0.0,0.0,0.0,0.0,0.0,0.0,0.0,0,0.0,0,0,0.7142435086103718,119,treated,1106,0.0,
1300,Non Graduated,0,2021-02-15,2021,2021,0,29.252221462747777,25-34,Unknown,Unknown,0,0.0,0.0,0.0,0.0,0.0,0.0,0.0,0.0,0.0,0.0,0,0.0,0,0,0.7142435086103718,120,control,876,0.0,0.0
876,Graduated,1,2018-11-12,2018,2019,0,28.497607655502392,25-34,Unknown,Unknown,0,0.0,0.0,0.0,0.0,0.0,0.0,0.0,0.0,0.0,0.0,0,0.0,0,0,0.7142435086103718,120,treated,1300,0.0,
734,Non Graduated,0,2018-03-05,2018,2018,0,22.88174982911825,<=24,Unknown,Unknown,0,0.0,0.0,0.0,0.0,0.0,0.0,0.0,0.0,0.0,0.0,0,0.0,0,0,0.5714192407483331,121,control,1072,0.0,0.0
1072,Graduated,1,2019-09-30,2019,2019,0,20.730006835269997,<=24,Unknown,Unknown,0,0.0,0.0,0.0,0.0,0.0,0.0,0.0,0.0,0.0,0.0,0,0.0,0,0,0.5714192407483331,121,treated,734,0.0,
1211,Non Graduated,0,2020-07-06,2020,2020,0,22.64114832535885,<=24,Unknown,Unknown,0,0.0,0.0,0.0,0.0,0.0,0.0,0.0,0.0,0.0,0.0,0,0.0,0,0,0.5714192407483331,122,control,1285,0.0,0.0
1285,Graduated,1,2020-12-07,2020,2021,0,20.45659603554341,<=24,Unknown,Unknown,0,0.0,0.0,0.0,0.0,0.0,0.0,0.0,0.0,0.0,0.0,0,0.0,0,0,0.5714192407483331,122,treated,1211,0.0,
1273,Non Graduated,0,2020-11-16,2020,2020,0,23.33834586466165,<=24,Unknown,Unknown,0,0.0,0.0,0.0,0.0,0.0,0.0,0.0,0.0,0.0,0.0,0,0.0,0,0,0.5714192407483331,123,control,1366,0.0,0.0
1366,Graduated,1,2021-05-17,2021,2021,0,19.86602870813397,<=24,Unknown,Unknown,0,0.0,0.0,0.0,0.0,0.0,0.0,0.0,0.0,0.0,0.0,0,0.0,0,0,0.5714192407483331,123,treated,1273,0.0,
915,Non Graduated,0,2019-05-20,2019,2019,0,21.741626794258373,<=24,White,Female,42003492900,0.0,0.0,0.0,0.0,0.0,0.0,0.0,0.0,0.0,0.0,1,28875.4392255532,0,0,0.33333155425560473,124,control,1008,0.0,0.0
1008,Graduated,1,2019-06-17,2019,2019,0,21.714285714285715,<=24,White,Female,42003070900,0.0,0.0,0.0,0.0,0.0,0.0,0.0,0.0,0.0,0.0,0,0.0,0,0,0.33333155425560473,124,treated,915,0.0,
894,Non Graduated,0,2018-12-17,2018,2019,0,32.46206425153793,25-34,White,Male,42003202300,1.0,10.0,8.0,1.0,1.0,2.0,7.425521085684252,5.965983231572624,1.0,1.0,1,12384.721905462842,0,1,0.4804395736097019,125,control,1361,0.0029646576975083105,0.0029646576975083105
1361,Graduated,1,2021-05-10,2021,2021,0,32.183185235816815,25-34,White,Male,42003191700,0.0,0.0,0.0,0.0,0.0,0.0,10.174809037223119,9.239146125937216,1.0,1.0,1,33045.845696468896,0,0,0.4774749159121936,125,treated,894,0.0029646576975083105,
1012,Non Graduated,0,2019-06-17,2019,2019,0,25.91660970608339,25-34,White,Male,42003562300,0.0,0.0,0.0,0.0,1.0,2.0,7.410170087167754,9.214930899663853,1.0,1.0,1,18630.24266388788,0,0,0.5468705505595729,126,control,906,0.016347059400255493,0.016347059400255493
906,Graduated,1,2019-01-14,2019,2019,0,31.25632262474368,25-34,White,Male,42003480400,1.0,2.0,3.0,0.0,1.0,3.0,7.784799038000396,9.557320792822015,1.0,1.0,1,3029.7214943812487,0,0,0.5305234911593174,126,treated,1012,0.016347059400255493,
1252,Non Graduated,0,2021-02-22,2021,2021,0,28.58236500341763,25-34,White,Male,42003477300,0.0,0.0,0.0,0.0,0.0,0.0,0.0,0.0,0.0,0.0,1,26543.657383943304,0,0,0.6089552332834592,127,control,880,0.0,0.0
880,Graduated,1,2018-11-26,2018,2019,0,27.584415584415584,25-34,White,Male,42003521500,0.0,0.0,0.0,0.0,0.0,0.0,0.0,0.0,0.0,0.0,0,0.0,0,0,0.6089552332834592,127,treated,1252,0.0,
1255,Non Graduated,0,2020-09-21,2020,2020,0,25.5311004784689,25-34,White,Male,42003564700,0.0,0.0,0.0,0.0,0.0,0.0,0.0,0.0,0.0,0.0,0,0.0,0,0,0.6089552332834592,128,control,991,0.0,0.0
991,Graduated,1,2019-05-28,2019,2019,0,28.817498291182503,25-34,White,Male,42003484500,0.0,0.0,0.0,0.0,0.0,0.0,0.0,0.0,0.0,0.0,1,46363.67621160435,0,0,0.6089552332834592,128,treated,1255,0.0,
1160,Non Graduated,0,2020-02-26,2020,2020,0,19.04306220095694,<=24,White,Male,42003562400,0.0,0.0,0.0,0.0,0.0,0.0,0.0,0.0,0.0,0.0,1,5150.684559518317,0,0,0.6298360667086151,129,control,801,0.0,0.0
801,Graduated,1,2018-07-10,2018,2018,0,23.59535201640465,<=24,White,Male,42059970501,0.0,0.0,0.0,0.0,0.0,0.0,0.0,0.0,0.0,0.0,0,0.0,0,0,0.6298360667086151,129,treated,1160,0.0,
1468,Non Graduated,0,2021-11-15,2021,2021,0,20.095693779904305,<=24,White,Male,42003523800,0.0,0.0,0.0,0.0,0.0,0.0,0.0,0.0,0.0,0.0,0,0.0,0,0,0.6298360667086151,130,control,1120,0.0,0.0
1120,Graduated,1,2019-12-16,2019,2020,0,21.09090909090909,<=24,White,Male,42003192000,0.0,0.0,0.0,0.0,0.0,0.0,0.0,0.0,0.0,0.0,1,14307.829051167711,0,0,0.6298360667086151,130,treated,1468,0.0,
1826,Non Graduated,0,2023-04-24,2023,2023,1,27.882433356117566,25-34,Black,Female,42003130600,1.0,1.0,2.0,0.0,1.0,1.0,6.6444836226891,0.0,1.0,0.0,1,22991.598777241856,0,0,0.6562838099540244,131,control,1921,0.009716542882704626,0.009716542882704626
1921,Graduated,1,2023-09-05,2023,2023,1,25.870129870129876,25-34,Black,Female,42003462600,1.0,2.0,3.0,0.0,1.0,2.0,5.612942612058802,5.380769897892161,1.0,1.0,0,0.0,0,0,0.666000352836729,131,treated,1826,0.009716542882704626,
2225,Non Graduated,0,2024-08-12,2024,2024,1,26.35133287764867,25-34,Black,Female,42003510000,0.0,0.0,0.0,0.0,0.0,0.0,10.193997288933538,10.506192333116198,1.0,1.0,1,9025.795122755715,0,0,0.8809767636307779,132,control,1707,0.031236931241050758,0.031236931241050758
1707,Graduated,1,2022-11-14,2022,2023,1,27.25632262474368,25-34,Black,Female,42003513800,0.0,0.0,0.0,0.0,0.0,0.0,10.665613872717007,7.303257386540914,1.0,1.0,1,36287.51074212705,0,0,0.8497398323897272,132,treated,2225,0.031236931241050758,
1568,Non Graduated,0,2022-05-02,2022,2022,1,22.304853041695143,<=24,Black,Female,42003523200,0.0,0.0,0.0,0.0,0.0,0.0,7.795990229019824,0.0,1.0,0.0,1,7837.469324391132,0,0,0.654155833796596,133,control,1828,0.019427008654856137,0.019427008654856137
1828,Graduated,1,2023-04-24,2023,2023,1,22.9336978810663,<=24,Black,Female,42003562300,0.0,0.0,0.0,0.0,0.0,0.0,0.0,0.0,0.0,0.0,0,0.0,0,0,0.6347288251417399,133,treated,1568,0.019427008654856137,
1659,Non Graduated,0,2022-09-06,2022,2022,1,23.28913192071087,<=24,Black,Female,42003486900,0.0,0.0,0.0,0.0,0.0,0.0,0.0,5.516485073378233,0.0,1.0,1,10561.011735681619,0,0,0.659356097799053,134,control,1779,0.024627272657313126,0.024627272657313126
1779,Graduated,1,2023-02-20,2023,2023,1,23.92891319207109,<=24,Black,Female,42003130600,0.0,0.0,0.0,0.0,0.0,0.0,0.0,0.0,0.0,0.0,0,0.0,0,0,0.6347288251417399,134,treated,1659,0.024627272657313126,
2101,Non Graduated,0,2024-04-15,2024,2024,1,20.412850307587156,<=24,Black,Female,42085030900,0.0,0.0,0.0,0.0,0.0,0.0,0.0,8.214022372004322,0.0,1.0,0,0.0,0,0,0.6711019419427363,135,control,2143,0.03637311680099642,0.03637311680099642
2143,Graduated,1,2024-06-03,2024,2024,1,18.35406698564593,<=24,Black,Female,42003512000,0.0,0.0,0.0,0.0,0.0,0.0,0.0,0.0,0.0,0.0,0,0.0,0,0,0.6347288251417399,135,treated,2101,0.03637311680099642,
1673,Non Graduated,0,2024-02-12,2024,2024,1,20.967874231032127,<=24,Black,Female,42003486700,0.0,0.0,0.0,0.0,0.0,0.0,9.027074590217586,8.687059761970955,1.0,1.0,1,4605.0457428276295,0,0,0.6999871400684444,136,control,2063,0.03530736311406035,0.03530736311406035
2063,Graduated,1,2024-03-04,2024,2024,1,22.712235133287766,<=24,Black,Female,42003492900,0.0,0.0,0.0,0.0,0.0,0.0,0.0,6.733298507604985,0.0,1.0,1,1540.732906010271,0,0,0.6646797769543841,136,treated,1673,0.03530736311406035,
1959,Non Graduated,0,2023-10-16,2023,2023,1,20.708133971291865,<=24,Black,Female,42003510000,0.0,0.0,0.0,0.0,0.0,0.0,9.465080182804044,9.326304613792678,1.0,1.0,1,5030.144953609868,0,0,0.705571703680473,137,control,1503,0.03699400684637788,0.03699400684637788
1503,Graduated,1,2022-01-24,2022,2022,1,20.284347231715653,<=24,Black,Female,42003111500,0.0,0.0,0.0,0.0,0.0,0.0,0.0,7.630300117796017,0.0,1.0,1,26664.71243449536,0,0,0.6685776968340951,137,treated,1959,0.03699400684637788,
1741,Non Graduated,0,2023-01-03,2023,2023,1,18.526315789473685,<=24,Black,Female,42003514000,0.0,0.0,0.0,0.0,0.0,0.0,9.551090403481831,9.486900989195558,1.0,1.0,1,20807.94601901045,0,0,0.7068033191498088,138,control,1944,0.023365815370524956,0.023365815370524956
1944,Graduated,1,2023-10-23,2023,2023,1,20.317156527682844,<=24,Black,Female,42003510000,0.0,0.0,0.0,0.0,1.0,1.0,9.24533805032622,9.828655687187496,1.0,1.0,1,5041.174441616046,0,0,0.6834375037792838,138,treated,1741,0.023365815370524956,
1539,Non Graduated,0,2022-03-14,2022,2022,1,22.15994531784005,<=24,Black,Female,42003300100,0.0,0.0,0.0,0.0,0.0,0.0,10.163667861793503,9.404229753823836,1.0,1.0,1,21487.78634986648,0,0,0.7105800827167761,139,control,2039,0.016546196434671256,0.016546196434671256
2039,Graduated,1,2024-02-05,2024,2024,1,0.0300751879699248,<=24,Black,Female,42003130800,0.0,0.0,0.0,0.0,0.0,0.0,8.576042082815402,7.995114416226431,1.0,1.0,1,8079.243929567602,0,0,0.6940338862821048,139,treated,1539,0.016546196434671256,
1853,Non Graduated,0,2023-06-05,2023,2023,1,20.87218045112782,<=24,Black,Female,42003563202,0.0,0.0,0.0,0.0,0.0,0.0,10.66300488354434,9.884529701313527,1.0,1.0,1,30734.45830547745,0,0,0.7158207926823771,140,control,1973,0.01919541665797808,0.01919541665797808
1973,Graduated,1,2023-11-06,2023,2024,1,20.057416267942585,<=24,Black,Female,42003514000,0.0,0.0,0.0,0.0,0.0,0.0,8.459934270317534,8.81371810209332,1.0,1.0,1,2563.5474928712883,0,0,0.696625376024399,140,treated,1853,0.01919541665797808,
1808,Non Graduated,0,2023-04-03,2023,2023,1,29.2987012987013,25-34,Black,Male,42003483800,0.0,0.0,0.0,0.0,0.0,0.0,8.112369389754589,0.0,1.0,1.0,1,59403.003347077,0,0,0.5981187270851925,141,control,1930,0.029010482842561913,0.029010482842561913
1930,Graduated,1,2023-09-11,2023,2023,1,33.405331510594664,25-34,Black,Male,42003472300,0.0,0.0,0.0,0.0,0.0,0.0,9.779380890148074,0.0,1.0,1.0,1,32015.32251642496,0,0,0.5691082442426306,141,treated,1808,0.029010482842561913,
1978,Non Graduated,0,2023-11-13,2023,2024,1,29.88926862611073,25-34,Black,Male,42003492800,0.0,0.0,0.0,0.0,1.0,3.0,7.329399594484833,0.0,1.0,0.0,1,10013.29545382377,0,0,0.6236504781486493,142,control,2012,0.03650584743984697,0.03650584743984697
2012,Graduated,1,2024-01-03,2024,2024,1,31.529733424470265,25-34,Black,Male,42003464300,0.0,0.0,0.0,0.0,1.0,1.0,8.98588249848231,0.0,1.0,0.0,1,3242.273554281934,0,0,0.5871446307088023,142,treated,1978,0.03650584743984697,
1816,Non Graduated,0,2023-04-10,2023,2023,1,31.327409432672592,25-34,Black,Male,42003562800,0.0,0.0,0.0,0.0,0.0,0.0,9.140151870170103,7.969668733154349,1.0,1.0,1,16587.638521741028,0,0,0.6717553499953461,143,control,1675,0.0340931250595633,0.0340931250595633
1675,Graduated,1,2022-09-26,2022,2022,1,28.95693779904306,25-34,Black,Male,42003550900,0.0,0.0,0.0,0.0,0.0,0.0,5.772789116864959,0.0,1.0,0.0,1,5162.645548633724,0,0,0.6376622249357828,143,treated,1816,0.0340931250595633,
1712,Non Graduated,0,2022-11-14,2022,2023,1,26.57552973342447,25-34,Black,Male,42003523400,0.0,0.0,0.0,0.0,0.0,0.0,10.538876299483716,10.178586891436368,1.0,1.0,1,60642.742750487596,0,0,0.673623565247905,144,control,1999,0.02278270827193618,0.02278270827193618
1999,Graduated,1,2023-12-11,2023,2024,1,33.71701982228298,25-34,Black,Male,42003050900,0.0,0.0,0.0,0.0,0.0,0.0,10.44420447023996,7.9700767173224,1.0,1.0,1,16993.564680251828,0,0,0.6508408569759688,144,treated,1712,0.02278270827193618,
1859,Non Graduated,0,2023-06-12,2023,2023,1,30.51811346548189,25-34,Black,Male,42003523200,0.0,0.0,0.0,0.0,0.0,0.0,9.646694220912165,9.127980996572942,1.0,1.0,1,26900.045566442284,0,0,0.6763045017855498,145,control,2115,0.018273364708352835,0.018273364708352835
2115,Graduated,1,2024-05-06,2024,2024,1,27.469583048530417,25-34,Black,Male,42003050100,0.0,0.0,0.0,0.0,0.0,0.0,9.466112983008383,7.192237068424467,1.0,1.0,1,1587.6139980897228,0,0,0.658031137077197,145,treated,1859,0.018273364708352835,
2044,Non Graduated,0,2024-02-19,2024,2024,1,27.827751196172247,25-34,Black,Male,42003130700,0.0,0.0,0.0,0.0,0.0,0.0,9.383973411977243,8.766489815828448,1.0,1.0,1,1304.1508254606777,0,0,0.676530832322211,146,control,1833,0.006174880585722908,0.006174880585722908
1833,Graduated,1,2023-05-01,2023,2023,1,33.777170198222834,25-34,Black,Male,42003489002,0.0,0.0,0.0,0.0,0.0,0.0,11.457190569968175,11.214306423097034,1.0,1.0,1,119281.01159126569,0,0,0.6703559517364881,146,treated,2044,0.006174880585722908,
1644,Non Graduated,0,2022-08-15,2022,2022,1,25.941216678058783,25-34,Black,Male,42003130800,0.0,0.0,0.0,0.0,0.0,0.0,9.354751346581065,8.929208810623125,1.0,1.0,1,6655.380053359443,0,0,0.6787370401636703,147,control,1688,0.0004233158871171927,0.0004233158871171927
1688,Graduated,1,2022-10-11,2022,2022,1,25.80177717019822,25-34,Black,Male,42003520002,0.0,0.0,0.0,0.0,0.0,0.0,9.976938983099588,9.795638252475495,1.0,1.0,1,6125.763139641608,0,0,0.6783137242765531,147,treated,1644,0.0004233158871171927,
1490,Non Graduated,0,2022-01-03,2022,2022,1,27.715652768284347,25-34,Black,Male,42003130800,0.0,0.0,0.0,0.0,0.0,0.0,9.102829423644122,8.595501122147603,1.0,1.0,1,14315.161525206324,0,0,0.6790918145291365,148,control,2041,0.00015429219098928026,0.00015429219098928026
2041,Graduated,1,2024-02-12,2024,2024,1,26.045112781954888,25-34,Black,Male,42003472100,0.0,0.0,0.0,0.0,0.0,0.0,10.119906439402444,10.061922996912617,1.0,1.0,1,7769.820198433278,0,0,0.6789375223381472,148,treated,1490,0.00015429219098928026,
1924,Non Graduated,0,2023-09-05,2023,2023,1,30.058783321941217,25-34,Black,Male,42003522000,0.0,0.0,0.0,0.0,0.0,0.0,9.261209034709454,8.868895034906512,1.0,1.0,1,6128.110008835074,0,0,0.6795505847439023,149,control,1774,0.0011980504654649504,0.0011980504654649504
1774,Graduated,1,2023-02-13,2023,2023,1,31.097744360902254,25-34,Black,Male,42003564800,0.0,0.0,0.0,0.0,0.0,0.0,10.233173222010358,10.395949846092241,1.0,1.0,1,35627.109705547235,0,0,0.6807486352093672,149,treated,1924,0.0011980504654649504,
1556,Non Graduated,0,2022-04-18,2022,2022,1,33.19753930280246,25-34,Black,Male,42003483800,0.0,0.0,0.0,0.0,0.0,0.0,9.367440978930539,9.532173082100071,1.0,1.0,1,30996.39614945596,0,0,0.6849754063960554,150,control,1878,0.003401982646804913,0.003401982646804913
1878,Graduated,1,2023-07-10,2023,2023,1,28.076555023923444,25-34,Black,Male,42003484300,0.0,0.0,0.0,0.0,0.0,0.0,9.006739562742093,8.687513227044708,1.0,1.0,1,10677.690261733991,0,0,0.6815734237492505,150,treated,1556,0.003401982646804913,
2139,Non Graduated,0,2024-05-28,2024,2024,1,31.77306903622693,25-34,Black,Male,42003191600,0.0,0.0,0.0,0.0,0.0,0.0,9.060889227931714,9.865394392671366,1.0,1.0,1,3973.385773930312,0,0,0.6931926430920243,151,control,1742,0.011406574139706804,0.011406574139706804
1742,Graduated,1,2023-01-03,2023,2023,1,26.105263157894736,25-34,Black,Male,42003564700,0.0,0.0,0.0,0.0,0.0,0.0,9.218340668485759,9.01550999754211,1.0,1.0,1,14329.033922571178,0,0,0.6817860689523175,151,treated,2139,0.011406574139706804,
1603,Non Graduated,0,2022-06-13,2022,2022,1,29.47641831852358,25-34,Black,Male,42003170600,0.0,0.0,0.0,0.0,0.0,0.0,6.51140156321973,7.924289078549989,1.0,1.0,1,3153.276963397014,1,0,0.711404802772079,152,control,1569,0.028404092314865403,0.028404092314865403
1569,Graduated,1,2022-05-02,2022,2022,1,27.103212576896787,25-34,Black,Male,42003300100,0.0,0.0,0.0,0.0,0.0,0.0,6.953688928475429,5.832201636092007,1.0,1.0,1,1021.3481442832169,0,1,0.6830007104572136,152,treated,1603,0.028404092314865403,
1926,Non Graduated,0,2023-08-28,2023,2023,1,27.040328092959676,25-34,Black,Male,42003290400,0.0,0.0,0.0,0.0,1.0,10.0,9.811773845088442,9.817218040533822,1.0,1.0,1,181.4405043873441,0,0,0.7170942540937307,153,control,1686,0.0332904573835634,0.0332904573835634
1686,Graduated,1,2022-10-10,2022,2022,1,29.86739576213261,25-34,Black,Male,42003523702,0.0,0.0,0.0,0.0,0.0,0.0,9.801430684335175,10.053798659280424,1.0,1.0,1,30861.114336686518,0,0,0.6838037967101673,153,treated,1926,0.0332904573835634,
1546,Non Graduated,0,2022-03-29,2022,2022,1,26.99658236500342,25-34,Black,Male,42003515300,1.0,1.0,1.0,0.0,1.0,3.0,9.023855338882043,9.833966170517195,1.0,1.0,1,10234.589294731099,0,0,0.7323689198005943,154,control,2056,0.03784339865659625,0.03784339865659625
2056,Graduated,1,2024-02-19,2024,2024,1,30.78332194121668,25-34,Black,Male,42003564700,0.0,0.0,0.0,0.0,1.0,3.0,10.247322700946643,10.676664446276112,1.0,1.0,0,0.0,0,1,0.694525521143998,154,treated,1546,0.03784339865659625,
2074,Non Graduated,0,2024-05-20,2024,2024,1,32.790157211209845,25-34,Black,Male,42003501000,0.0,0.0,0.0,0.0,0.0,0.0,0.0,0.0,0.0,0.0,0,0.0,0,0,0.7410051209253151,155,control,2182,0.03633074746904663,0.03633074746904663
2182,Graduated,1,2024-07-01,2024,2024,1,33.62406015037594,25-34,Black,Male,42003462600,0.0,0.0,0.0,0.0,1.0,7.0,10.335096216354868,10.394477957667121,1.0,1.0,0,0.0,0,0,0.7046743734562685,155,treated,2074,0.03633074746904663,
2151,Non Graduated,0,2024-06-17,2024,2024,1,26.29665071770335,25-34,Black,Male,42003521402,0.0,0.0,0.0,0.0,0.0,0.0,0.0,0.0,0.0,0.0,0,0.0,0,0,0.7410051209253151,156,control,1757,0.03522308116964212,0.03522308116964212
1757,Graduated,1,2023-01-23,2023,2023,1,28.809295967190703,25-34,Black,Male,42003565200,0.0,0.0,0.0,0.0,0.0,0.0,6.6258428431574865,7.5374641782345515,1.0,1.0,1,7666.71176553339,0,0,0.705782039755673,156,treated,2151,0.03522308116964212,
1684,Non Graduated,0,2022-10-10,2022,2022,1,31.825017088174985,25-34,Black,Male,0,0.0,0.0,0.0,0.0,0.0,0.0,0.0,0.0,0.0,0.0,0,0.0,0,0,0.7410051209253151,157,control,1831,0.03426095828903153,0.03426095828903153
1831,Graduated,1,2023-05-08,2023,2023,1,29.2987012987013,25-34,Black,Male,42003130200,0.0,0.0,0.0,0.0,1.0,1.0,7.042630630034711,7.890661705867714,1.0,1.0,1,6381.841745783452,0,0,0.7067441626362836,157,treated,1684,0.03426095828903153,
1457,Non Graduated,0,2024-02-12,2024,2024,1,26.31032125768968,25-34,Black,Male,42007602100,1.0,1.0,2.0,0.0,1.0,2.0,7.8211093648500905,9.190041422460414,1.0,1.0,1,1042.7901456194793,0,0,0.7655166278250329,158,control,1748,0.024511506899717816,0.024511506899717816
1748,Graduated,1,2023-01-17,2023,2023,1,29.09911141490089,25-34,Black,Male,42003526202,0.0,0.0,0.0,0.0,0.0,0.0,0.0,0.0,0.0,0.0,1,185.65996657913578,0,1,0.7410051209253151,158,treated,1457,0.024511506899717816,
1883,Non Graduated,0,2023-07-17,2023,2023,1,25.39986329460013,25-34,Black,Male,42003483800,1.0,2.0,3.0,0.0,1.0,9.0,8.16182472654092,8.939777165556553,1.0,1.0,1,5983.623229866064,0,0,0.8030381268382392,159,control,1818,0.023974723640170725,0.023974723640170725
1818,Graduated,1,2023-04-17,2023,2023,1,30.892686261107315,25-34,Black,Male,42003270300,1.0,1.0,3.0,0.0,1.0,6.0,9.984871159784271,9.687120222366703,1.0,1.0,1,27870.9821581089,0,0,0.7790634031980684,159,treated,1883,0.023974723640170725,
1608,Non Graduated,0,2022-06-27,2022,2022,1,28.71633629528366,25-34,Black,Male,42003250900,1.0,4.0,5.0,0.0,1.0,1.0,7.285353210060103,7.197048288704846,1.0,1.0,0,0.0,0,1,0.8210914557224438,160,control,2142,0.02906153770956843,0.02906153770956843
2142,Graduated,1,2024-06-10,2024,2024,1,29.203007518796998,25-34,Black,Male,42003561500,0.0,0.0,0.0,0.0,0.0,0.0,0.0,5.812805874277483,0.0,1.0,0,0.0,0,0,0.7920299180128754,160,treated,1608,0.02906153770956843,
1942,Non Graduated,0,2023-09-25,2023,2023,1,29.8838004101162,25-34,Black,Male,42003424000,1.0,5.0,9.0,1.0,1.0,2.0,0.0,0.0,0.0,0.0,0,0.0,0,1,0.9119440241301511,161,control,1613,0.02678403078298819,0.02678403078298819
1613,Graduated,1,2022-06-22,2022,2022,1,26.41421736158578,25-34,Black,Male,42003260700,1.0,4.0,7.0,1.0,1.0,1.0,0.0,0.0,0.0,0.0,1,21464.58382981634,0,0,0.8851599933471629,161,treated,1942,0.02678403078298819,
1943,Non Graduated,0,2023-09-25,2023,2023,1,41.48188653451812,35+,Black,Male,42003262000,1.0,1.0,6.0,1.0,1.0,2.0,10.20127230231424,10.210740313334364,1.0,1.0,1,25164.5739582872,0,0,0.6095221887659186,162,control,1541,0.017641964178983116,0.017641964178983116
1541,Graduated,1,2022-03-14,2022,2022,1,35.08680792891319,35+,Black,Male,42003514000,0.0,0.0,0.0,0.0,0.0,0.0,11.330502362873009,11.172857405981654,1.0,1.0,1,126914.37649813514,0,0,0.6271641529449017,162,treated,1943,0.017641964178983116,
1611,Non Graduated,0,2022-06-27,2022,2022,1,39.05673274094327,35+,Black,Male,42003523400,0.0,0.0,0.0,0.0,0.0,0.0,10.027717980620459,8.994831717580924,1.0,1.0,1,38190.74119304057,0,0,0.6846605359892547,163,control,2136,0.00833692707007938,0.00833692707007938
2136,Graduated,1,2024-06-10,2024,2024,1,52.533151059466846,35+,Black,Male,42003130700,0.0,0.0,0.0,0.0,0.0,0.0,10.374622835083139,10.680519898221746,1.0,1.0,1,3528.570809262353,0,0,0.6763236089191753,163,treated,1611,0.00833692707007938,
1705,Non Graduated,0,2022-11-28,2022,2022,1,35.819548872180455,35+,Black,Male,42003170600,1.0,1.0,4.0,0.0,1.0,1.0,8.969351760962546,8.927458820634113,1.0,1.0,1,43534.906762341045,0,0,0.6883845816703785,164,control,1661,0.00826346517605614,0.00826346517605614
1661,Graduated,1,2022-09-06,2022,2022,1,48.97881066302119,35+,Black,Male,42003517000,0.0,0.0,0.0,0.0,0.0,0.0,10.20699362937908,9.823837572185791,1.0,1.0,1,51050.45868919655,0,0,0.6801211164943224,164,treated,1705,0.00826346517605614,
1977,Non Graduated,0,2023-11-13,2023,2023,1,47.88516746411483,35+,Black,Male,42003562600,0.0,0.0,0.0,0.0,0.0,0.0,8.805635392267337,0.0,1.0,0.0,1,21785.92713732407,0,0,0.6960402969886154,165,control,1581,0.015380892057751172,0.015380892057751172
1581,Graduated,1,2022-05-16,2022,2022,1,42.03417634996583,35+,Black,Male,42003120900,0.0,0.0,0.0,0.0,0.0,0.0,10.016200125844108,8.201597433562908,1.0,1.0,1,50026.72322816844,0,0,0.6806594049308642,165,treated,1977,0.015380892057751172,
2248,Non Graduated,0,2024-09-09,2024,2024,1,42.34586466165413,35+,Black,Male,42003510000,0.0,0.0,0.0,0.0,0.0,0.0,9.45577061177624,8.044137172638411,1.0,1.0,1,6944.5795541403295,0,0,0.7083657056190925,166,control,2094,0.02767455322151402,0.02767455322151402
2094,Graduated,1,2024-04-15,2024,2024,1,48.833902939166094,35+,Black,Male,42003111500,0.0,0.0,0.0,0.0,0.0,0.0,9.926137404326816,7.397649947854545,1.0,1.0,1,8659.944201795073,0,0,0.6806911523975785,166,treated,2248,0.02767455322151402,
1894,Non Graduated,0,2023-07-24,2023,2023,1,54.143540669856456,35+,Black,Male,42003464400,0.0,0.0,0.0,0.0,0.0,0.0,8.822603835276304,8.001380189515428,1.0,1.0,1,5969.478997304954,0,0,0.7385976324981942,167,control,2199,0.03518857473366488,0.03518857473366488
2199,Graduated,1,2024-07-15,2024,2024,1,36.47573479152427,35+,Black,Male,42003500300,0.0,0.0,0.0,0.0,0.0,0.0,9.61312377676102,8.566698597126962,1.0,1.0,1,7467.709788424394,0,0,0.7034090577645293,167,treated,1894,0.03518857473366488,
1812,Non Graduated,0,2023-04-10,2023,2023,1,43.04579630895421,35+,Black,Male,42003496200,0.0,0.0,0.0,0.0,1.0,3.0,8.496748700603716,7.985769636110359,1.0,1.0,1,9341.388664105933,0,0,0.7879309128573165,168,control,1528,0.013748540143619592,0.013748540143619592
1528,Graduated,1,2022-02-21,2022,2022,1,39.31920710868079,35+,Black,Male,42003523702,1.0,2.0,7.0,1.0,1.0,1.0,5.2121191393970205,0.0,1.0,0.0,0,0.0,0,1,0.7741823727136969,168,treated,1812,0.013748540143619592,
1960,Non Graduated,0,2023-10-16,2023,2024,1,20.24606971975393,<=24,Black,Male,42003050600,0.0,0.0,0.0,0.0,0.0,0.0,0.0,0.0,0.0,0.0,1,21687.821775703178,0,0,0.5196272742268543,169,control,1515,0.022716034324677725,0.022716034324677725
1515,Graduated,1,2022-02-02,2022,2022,1,23.477785372522217,<=24,Black,Male,42003523702,0.0,0.0,0.0,0.0,0.0,0.0,6.261565977084462,6.524434880114724,1.0,1.0,1,1713.989396337179,0,1,0.49691123990217656,169,treated,1960,0.022716034324677725,
1948,Non Graduated,0,2023-10-02,2023,2023,1,20.027341079972658,<=24,Black,Male,42003509400,0.0,0.0,0.0,0.0,0.0,0.0,0.0,0.0,0.0,0.0,0,0.0,0,0,0.5196272742268543,170,control,1762,0.0,0.0
1762,Graduated,1,2023-01-30,2023,2023,1,22.950102529049897,<=24,Black,Male,42003130700,0.0,0.0,0.0,0.0,0.0,0.0,0.0,0.0,0.0,0.0,0,0.0,0,0,0.5196272742268543,170,treated,1948,0.0,
1836,Non Graduated,0,2023-05-15,2023,2023,1,0.0328092959671907,<=24,Black,Male,42003508000,0.0,0.0,0.0,0.0,0.0,0.0,0.0,0.0,0.0,0.0,1,30913.51884435361,0,0,0.5196272742268543,171,control,1531,0.0,0.0
1531,Graduated,1,2022-02-28,2022,2022,1,19.622693096377304,<=24,Black,Male,42003120900,0.0,0.0,0.0,0.0,0.0,0.0,0.0,0.0,0.0,0.0,1,577.7759351639949,0,0,0.5196272742268543,171,treated,1836,0.0,
1763,Non Graduated,0,2023-02-06,2023,2023,1,18.99931647300068,<=24,Black,Male,42003552000,0.0,0.0,0.0,0.0,0.0,0.0,0.0,0.0,0.0,0.0,1,11267.705548100344,0,1,0.5196272742268543,172,control,1927,0.0,0.0
1927,Graduated,1,2023-08-28,2023,2023,1,19.5352016404648,<=24,Black,Male,42003120300,0.0,0.0,0.0,0.0,0.0,0.0,0.0,0.0,0.0,0.0,0,0.0,0,0,0.5196272742268543,172,treated,1763,0.0,
2103,Non Graduated,0,2024-04-15,2024,2024,1,19.34928229665072,<=24,Black,Male,42003561400,0.0,0.0,0.0,0.0,0.0,0.0,0.0,0.0,0.0,0.0,0,0.0,0,0,0.5196272742268543,173,control,1880,0.0,0.0
1880,Graduated,1,2023-07-10,2023,2023,1,19.51332877648667,<=24,Black,Male,42003130600,0.0,0.0,0.0,0.0,0.0,0.0,0.0,0.0,0.0,0.0,1,353.785380759131,0,0,0.5196272742268543,173,treated,2103,0.0,
1634,Non Graduated,0,2024-07-22,2024,2024,1,21.00615174299385,<=24,Black,Male,42007604100,0.0,0.0,0.0,0.0,0.0,0.0,0.0,0.0,0.0,0.0,0,0.0,0,0,0.5196272742268543,174,control,1799,0.0,0.0
1799,Graduated,1,2023-03-28,2023,2023,1,23.874231032125767,<=24,Black,Male,42003161000,0.0,0.0,0.0,0.0,0.0,0.0,0.0,0.0,0.0,0.0,1,2158.172089318899,0,0,0.5196272742268543,174,treated,1634,0.0,
1060,Non Graduated,0,2023-02-28,2023,2023,1,22.857142857142858,<=24,Black,Male,42003120900,0.0,0.0,0.0,0.0,0.0,0.0,0.0,0.0,0.0,0.0,0,0.0,0,0,0.5196272742268543,175,control,1626,0.0,0.0
1626,Graduated,1,2022-07-25,2022,2022,1,20.26247436773753,<=24,Black,Male,42003521301,0.0,0.0,0.0,0.0,0.0,0.0,0.0,0.0,0.0,0.0,1,15805.805116302912,0,0,0.5196272742268543,175,treated,1060,0.0,
1410,Non Graduated,0,2022-09-06,2022,2022,1,19.08133971291866,<=24,Black,Male,42003561500,0.0,0.0,0.0,0.0,0.0,0.0,0.0,0.0,0.0,0.0,1,3205.797996262871,0,0,0.5196272742268543,176,control,1869,0.0,0.0
1869,Graduated,1,2023-09-05,2023,2023,1,18.146274777853726,<=24,Black,Male,42003130800,0.0,0.0,0.0,0.0,0.0,0.0,0.0,0.0,0.0,0.0,0,0.0,0,0,0.5196272742268543,176,treated,1410,0.0,
1454,Non Graduated,0,2024-06-03,2024,2024,1,22.348598769651403,<=24,Black,Male,42003261300,0.0,0.0,0.0,0.0,0.0,0.0,0.0,0.0,0.0,0.0,0,0.0,0,0,0.5196272742268543,177,control,1780,0.0,0.0
1780,Graduated,1,2023-02-27,2023,2023,1,22.7012987012987,<=24,Black,Male,42003561400,0.0,0.0,0.0,0.0,0.0,0.0,0.0,0.0,0.0,0.0,0,0.0,0,0,0.5196272742268543,177,treated,1454,0.0,
2211,Non Graduated,0,2024-07-22,2024,2024,1,19.87696514012304,<=24,Black,Male,42129802700,1.0,11.0,6.0,1.0,0.0,0.0,0.0,8.041312595539683,0.0,1.0,1,2482.0422707190905,0,0,0.5257225012429224,178,control,1708,0.002113855336623338,0.002113855336623338
1708,Graduated,1,2022-11-08,2022,2023,1,21.04716336295284,<=24,Black,Male,42003552400,0.0,0.0,0.0,0.0,0.0,0.0,7.364252893051924,7.133252004231137,1.0,1.0,1,3033.36490263495,0,0,0.5236086459062991,178,treated,2211,0.002113855336623338,
2102,Non Graduated,0,2024-04-15,2024,2024,1,19.064935064935064,<=24,Black,Male,42003513000,0.0,0.0,0.0,0.0,0.0,0.0,7.6427405426932244,7.1370065571780605,1.0,1.0,1,2070.543621973372,0,0,0.5316572912601796,179,control,2131,0.00012233780304538033,0.00012233780304538033
2131,Graduated,1,2024-06-24,2024,2024,1,17.941216678058783,<=24,Black,Male,42003509400,0.0,0.0,0.0,0.0,0.0,0.0,8.100346902398764,8.629461180475277,1.0,1.0,1,7488.065408799829,0,0,0.531779629063225,179,treated,2102,0.00012233780304538033,
1691,Non Graduated,0,2024-03-04,2024,2024,1,20.06561859193438,<=24,Black,Male,42003130700,0.0,0.0,0.0,0.0,0.0,0.0,7.711597223937193,6.554327118099693,1.0,1.0,1,1410.0040533790966,0,0,0.5387787518182221,180,control,1785,0.002466419751883775,0.002466419751883775
1785,Graduated,1,2023-03-06,2023,2023,1,22.62747778537252,<=24,Black,Male,42003130700,0.0,0.0,0.0,0.0,0.0,0.0,8.005158858174035,7.8011617353723635,1.0,1.0,1,2684.9782526949048,0,0,0.5363123320663383,180,treated,1691,0.002466419751883775,
1991,Non Graduated,0,2023-12-04,2023,2024,1,21.14012303485988,<=24,Black,Male,42003514000,0.0,0.0,0.0,0.0,0.0,0.0,8.500190944647446,8.063558070856065,1.0,1.0,1,6736.466423410959,0,0,0.5483149703178708,181,control,1932,0.0055202893904715555,0.0055202893904715555
1932,Graduated,1,2023-12-04,2023,2024,1,23.529733424470265,<=24,Black,Male,42003130800,0.0,0.0,0.0,0.0,0.0,0.0,8.827321894187905,9.7698845698472,1.0,1.0,0,0.0,0,1,0.5427946809273992,181,treated,1991,0.0055202893904715555,
2198,Non Graduated,0,2024-07-15,2024,2024,1,19.327409432672592,<=24,Black,Male,42003523100,1.0,5.0,1.0,0.0,1.0,5.0,5.458442354060937,8.306312401013367,1.0,1.0,0,0.0,0,0,0.5521282990055117,182,control,1794,0.0031120926469313526,0.0031120926469313526
1794,Graduated,1,2023-03-21,2023,2023,1,21.859193438140807,<=24,Black,Male,42003508000,0.0,0.0,0.0,0.0,0.0,0.0,8.761433372571902,8.843457822924705,1.0,1.0,1,7585.69450296821,0,0,0.5490162063585804,182,treated,2198,0.0031120926469313526,
1612,Non Graduated,0,2022-06-22,2022,2022,1,18.43062200956938,<=24,Black,Male,42003552000,0.0,0.0,0.0,0.0,1.0,1.0,5.810765407189359,0.0,1.0,0.0,1,4385.87782978761,0,1,0.5575631733947991,183,control,1637,0.0010839056612779174,0.0010839056612779174
1637,Graduated,1,2022-08-02,2022,2022,1,20.298017771701986,<=24,Black,Male,42003050600,0.0,0.0,0.0,0.0,0.0,0.0,9.243918538885831,9.578242479882551,1.0,1.0,1,28862.393842104688,0,0,0.5564792677335212,183,treated,1612,0.0010839056612779174,
1537,Non Graduated,0,2022-03-14,2022,2022,1,20.647983595352017,<=24,Black,Male,42003513000,0.0,0.0,0.0,0.0,0.0,0.0,9.041595017488435,8.29889309515074,1.0,1.0,1,16820.756950755174,0,0,0.5618271524056513,184,control,2137,0.003209060773805672,0.003209060773805672
2137,Graduated,1,2024-05-28,2024,2024,1,20.80656185919344,<=24,Black,Male,42003561900,0.0,0.0,0.0,0.0,0.0,0.0,8.32748845347887,6.316434754449728,1.0,1.0,1,5468.530220598528,0,0,0.5586180916318456,184,treated,1537,0.003209060773805672,
1726,Non Graduated,0,2023-01-09,2023,2023,1,20.9542036910458,<=24,Black,Male,42003552200,1.0,9.0,6.0,1.0,0.0,0.0,6.486316735603293,9.654540158524963,1.0,1.0,1,2001.2081262672443,0,0,0.5527942960373673,185,control,1543,0.006129113243042772,0.006129113243042772
1543,Graduated,1,2022-04-04,2022,2022,1,21.295967190704037,<=24,Black,Male,42003561400,0.0,0.0,0.0,0.0,1.0,1.0,8.334410021116772,8.151377401037234,1.0,1.0,1,9739.317648430178,1,1,0.5589234092804101,185,treated,1726,0.006129113243042772,
1497,Non Graduated,0,2022-09-06,2022,2022,1,19.417634996582365,<=24,Black,Male,42003462600,0.0,0.0,0.0,0.0,0.0,0.0,9.842555157897133,10.442350403615594,1.0,1.0,1,64332.85295160232,0,0,0.5661165979665947,186,control,1847,0.0013470708951736077,0.0013470708951736077
1847,Graduated,1,2023-05-22,2023,2023,1,19.316473000683526,<=24,Black,Male,42003483800,0.0,0.0,0.0,0.0,0.0,0.0,6.623233622456343,0.0,1.0,1.0,1,1141.1375624577245,0,0,0.5647695270714211,186,treated,1497,0.0013470708951736077,
1979,Non Graduated,0,2023-11-20,2023,2023,1,22.321257689678745,<=24,Black,Male,42003492800,1.0,1.0,3.0,0.0,0.0,0.0,8.04228879703926,8.615231600442526,1.0,1.0,1,13245.845322073461,0,0,0.5684351261900721,187,control,1865,0.0007334067882349693,0.0007334067882349693
1865,Graduated,1,2023-06-27,2023,2023,1,18.48257006151743,<=24,Black,Male,42003563900,0.0,0.0,0.0,0.0,0.0,0.0,6.725762336453543,0.0,1.0,0.0,1,7948.699734127625,0,0,0.5677017194018371,187,treated,1979,0.0007334067882349693,
1591,Non Graduated,0,2022-06-01,2022,2022,1,18.378673957621327,<=24,Black,Male,42003501000,1.0,2.0,9.0,1.0,0.0,0.0,0.0,6.8464980723305136,0.0,1.0,1,3673.107539885056,1,0,0.5743644165386598,188,control,2079,0.003861926721109743,0.003861926721109743
2079,Graduated,1,2024-03-18,2024,2024,1,19.05946684894053,<=24,Black,Male,42003130800,0.0,0.0,0.0,0.0,0.0,0.0,9.860175460894268,9.994948763901533,1.0,1.0,1,22742.431720498982,0,0,0.57050248981755,188,treated,1591,0.003861926721109743,
1671,Non Graduated,0,2022-09-19,2022,2022,1,21.7717019822283,<=24,Black,Male,42003290400,0.0,0.0,0.0,0.0,0.0,0.0,8.58429414427523,5.199043357247444,1.0,1.0,1,16734.864586781838,0,0,0.5756600752602762,189,control,1527,0.004846073141898999,0.004846073141898999
1527,Graduated,1,2022-02-21,2022,2022,1,22.99658236500342,<=24,Black,Male,42003480101,0.0,0.0,0.0,0.0,0.0,0.0,9.812539399574849,9.802196388661628,1.0,1.0,1,2615.0235822518666,0,0,0.5708140021183772,189,treated,1671,0.004846073141898999,
1498,Non Graduated,0,2022-01-10,2022,2022,1,20.196855775803144,<=24,Black,Male,42003512000,0.0,0.0,0.0,0.0,0.0,0.0,9.445668789401436,7.3485930231617695,1.0,1.0,1,28359.325069710703,0,0,0.5815756666515686,190,control,1806,0.005694809094296649,0.005694809094296649
1806,Graduated,1,2023-04-03,2023,2023,1,20.40464798359535,<=24,Black,Male,42003523600,0.0,0.0,0.0,0.0,0.0,0.0,10.07226616471106,10.071583747620316,1.0,1.0,1,65528.11356612078,0,1,0.5758808575572719,190,treated,1498,0.005694809094296649,
1798,Non Graduated,0,2023-03-27,2023,2023,1,20.639781271360217,<=24,Black,Male,42003564700,0.0,0.0,0.0,0.0,0.0,0.0,7.2202881059482555,0.0,1.0,0.0,1,11139.764266094275,0,0,0.5817745223263284,191,control,1534,0.003426507224050468,0.003426507224050468
1534,Graduated,1,2022-03-14,2022,2022,1,21.2987012987013,<=24,Black,Male,42003486700,0.0,0.0,0.0,0.0,0.0,0.0,10.173563900143122,10.1192440254951,1.0,1.0,1,17179.886212173886,0,0,0.578348015102278,191,treated,1798,0.003426507224050468,
1098,Non Graduated,0,2023-08-07,2023,2023,1,23.660970608339028,<=24,Black,Male,42003563900,0.0,0.0,0.0,0.0,0.0,0.0,10.309951845613162,9.11915049696087,1.0,1.0,1,10131.928944823987,0,0,0.5907948140441067,192,control,2033,0.012330517604186797,0.012330517604186797
2033,Graduated,1,2024-01-29,2024,2024,1,21.561175666438825,<=24,Black,Male,42003561500,0.0,0.0,0.0,0.0,0.0,0.0,7.1035751671105185,0.0,1.0,0.0,1,10334.13458885319,0,0,0.5784642964399199,192,treated,1098,0.012330517604186797,
1610,Non Graduated,0,2022-06-27,2022,2022,1,17.859193438140807,<=24,Black,Male,42003512000,0.0,0.0,0.0,0.0,0.0,0.0,8.272999842242792,0.0,1.0,1.0,1,10541.509649834468,0,0,0.6112664011314282,193,control,1903,0.03217998812787648,0.03217998812787648
1903,Graduated,1,2023-07-31,2023,2023,1,23.406698564593302,<=24,Black,Male,42003561900,0.0,0.0,0.0,0.0,0.0,0.0,9.753914687662991,8.65222423630828,1.0,1.0,1,30090.813163592582,0,0,0.5790864130035517,193,treated,1610,0.03217998812787648,
1502,Non Graduated,0,2022-01-24,2022,2022,1,20.69172932330827,<=24,Black,Male,42003050600,0.0,0.0,0.0,0.0,0.0,0.0,8.401474139574416,0.0,1.0,1.0,1,35776.64200916939,0,0,0.6148150720533836,194,control,2066,0.03565524113987162,0.03565524113987162
2066,Graduated,1,2024-03-11,2024,2024,1,23.275461380724536,<=24,Black,Male,42003130700,0.0,0.0,0.0,0.0,0.0,0.0,10.099819565791112,9.782355492467573,1.0,1.0,1,16262.43547061871,0,0,0.579159830913512,194,treated,1502,0.03565524113987162,
1542,Non Graduated,0,2022-03-28,2022,2022,1,22.285714285714285,<=24,Black,Male,42003515200,0.0,0.0,0.0,0.0,0.0,0.0,8.48319598488244,0.0,1.0,1.0,1,7576.96297592874,0,0,0.6170660523323352,195,control,2069,0.0316946754282178,0.0316946754282178
2069,Graduated,1,2024-03-18,2024,2024,1,18.952836637047163,<=24,Black,Male,42003160800,1.0,1.0,0.0,0.0,0.0,0.0,10.383119139043318,9.992947545071807,1.0,1.0,1,40718.30459646142,0,0,0.5853713769041174,195,treated,1542,0.0316946754282178,
1573,Non Graduated,0,2022-05-10,2022,2022,1,17.95762132604238,<=24,Black,Male,42003424000,0.0,0.0,0.0,0.0,0.0,0.0,8.82098204375699,0.0,1.0,0.0,1,17172.32169417838,1,1,0.6263160939887747,196,control,1998,0.03949928150015691,0.03949928150015691
1998,Graduated,1,2023-12-11,2023,2024,1,20.062884483937115,<=24,Black,Male,42003523600,0.0,0.0,0.0,0.0,0.0,0.0,10.031384962695736,8.666664179201156,1.0,1.0,1,9272.57184837763,0,0,0.5868168124886178,196,treated,1573,0.03949928150015691,
1703,Non Graduated,0,2022-10-31,2022,2022,1,20.259740259740266,<=24,Black,Male,42003452000,0.0,0.0,0.0,0.0,0.0,0.0,9.301550496231867,0.0,1.0,0.0,1,37015.817199849786,0,0,0.6393171625762106,197,control,1621,0.03132017808050436,0.03132017808050436
1621,Graduated,1,2022-07-11,2022,2022,1,22.422419685577584,<=24,Black,Male,42129802200,1.0,1.0,7.0,1.0,0.0,0.0,0.0,0.0,0.0,0.0,0,0.0,0,0,0.6079969844957063,197,treated,1703,0.03132017808050436,
1879,Non Graduated,0,2023-07-05,2023,2023,1,18.704032809295967,<=24,Black,Male,42003563900,1.0,4.0,10.0,1.0,0.0,0.0,0.0,0.0,0.0,0.0,1,31846.213616382323,0,0,0.6441303276478859,198,control,2049,0.03613334315217964,0.03613334315217964
2049,Graduated,1,2024-02-19,2024,2024,1,19.537935748462065,<=24,Black,Male,42003523100,1.0,3.0,7.0,1.0,0.0,0.0,0.0,0.0,0.0,0.0,1,5938.457961404399,0,0,0.6079969844957063,198,treated,1879,0.03613334315217964,
2220,Non Graduated,0,2024-07-29,2024,2024,1,22.594668489405333,<=24,Black,Male,42003130600,1.0,2.0,1.0,0.0,1.0,7.0,7.832324145348353,8.83887999968814,1.0,1.0,0,0.0,0,0,0.6450897936506385,199,control,1822,0.023127496605411135,0.023127496605411135
1822,Graduated,1,2023-04-17,2023,2023,1,19.46684894053315,<=24,Black,Male,42003565200,0.0,0.0,0.0,0.0,0.0,0.0,8.661590184273981,0.0,1.0,1.0,1,10673.769327841654,0,0,0.6219622970452273,199,treated,2220,0.023127496605411135,
1085,Non Graduated,0,2024-02-12,2024,2024,1,23.56527682843472,<=24,Black,Male,42003564800,0.0,0.0,0.0,0.0,1.0,6.0,9.39004642641973,9.83150313294666,1.0,1.0,1,15283.050323506719,0,0,0.651803189753326,200,control,2156,0.027985975269849694,0.027985975269849694
2156,Graduated,1,2024-06-17,2024,2024,1,22.747778537252223,<=24,Black,Male,42101014800,0.0,0.0,0.0,0.0,0.0,0.0,10.178735965719575,4.770883219729088,1.0,1.0,1,16054.030380251128,0,0,0.6238172144834763,200,treated,1085,0.027985975269849694,
1616,Non Graduated,0,2022-06-27,2022,2022,1,19.48051948051948,<=24,Black,Male,42003140500,0.0,0.0,0.0,0.0,0.0,0.0,10.244488076442606,0.0,1.0,1.0,1,1349.7468330577117,0,0,0.6642286597579956,201,control,1532,0.03826073666078733,0.03826073666078733
1532,Graduated,1,2022-03-14,2022,2022,1,18.73410799726589,<=24,Black,Male,42003564700,0.0,0.0,0.0,0.0,0.0,0.0,8.808208372263762,0.0,1.0,0.0,1,46429.417771510845,0,0,0.6259679230972083,201,treated,1616,0.03826073666078733,
2160,Non Graduated,0,2024-06-24,2024,2024,1,18.11073137388927,<=24,Black,Male,42003130800,1.0,2.0,3.0,0.0,1.0,6.0,10.607609831055349,9.901685347923014,1.0,1.0,1,7970.375520373533,0,0,0.7151846840059136,202,control,1745,0.039954344357672644,0.039954344357672644
1745,Graduated,1,2023-01-03,2023,2023,1,23.040328092959676,<=24,Black,Male,42003552300,0.0,0.0,0.0,0.0,1.0,10.0,0.0,0.0,0.0,0.0,1,4449.660135747491,0,0,0.675230339648241,202,treated,2160,0.039954344357672644,
1618,Non Graduated,0,2022-07-11,2022,2022,1,22.679425837320576,<=24,Black,Male,42003564700,1.0,4.0,10.0,1.0,1.0,2.0,6.931024596334367,0.0,1.0,0.0,1,1976.712353353614,0,0,0.7194722843167308,203,control,1723,0.03865970555970322,0.03865970555970322
1723,Graduated,1,2022-12-05,2022,2023,1,23.31373889268626,<=24,Black,Male,42003552100,0.0,0.0,0.0,0.0,1.0,7.0,9.785047255059865,9.288662013845338,1.0,1.0,1,6677.1102099946775,0,0,0.6808125787570276,203,treated,1618,0.03865970555970322,
1990,Non Graduated,0,2023-12-04,2023,2024,1,22.107997265892003,<=24,Black,Male,42003561400,1.0,13.0,10.0,1.0,1.0,2.0,9.847810387642223,8.400654058569508,1.0,1.0,1,18538.141672609105,0,0,0.7279646725767486,204,control,2077,0.029101292312111116,0.029101292312111116
2077,Graduated,1,2024-03-18,2024,2024,1,23.47505126452495,<=24,Black,Male,42003552400,1.0,2.0,9.0,1.0,1.0,7.0,6.582300143798459,9.458345044209418,1.0,1.0,0,0.0,0,0,0.6988633802646375,204,treated,1990,0.029101292312111116,
2213,Non Graduated,0,2024-07-29,2024,2024,1,23.37662337662337,<=24,Black,Male,42003261400,1.0,15.0,11.0,1.0,1.0,16.0,9.714979179111232,9.934068785269153,1.0,1.0,1,940.4011087817672,0,0,0.867707064812054,205,control,1873,0.00020074982770190708,0.00020074982770190708
1873,Graduated,1,2023-08-07,2023,2023,1,17.667805878332192,<=24,Black,Male,42003477300,1.0,6.0,9.0,1.0,1.0,11.0,10.402116153884522,0.0,1.0,1.0,1,32639.20189512289,0,0,0.8679078146397559,205,treated,2213,0.00020074982770190708,
2086,Non Graduated,0,2024-04-08,2024,2024,1,32.69993164730007,25-34,Unknown,Unknown,0,0.0,0.0,0.0,0.0,0.0,0.0,0.0,0.0,0.0,0.0,0,0.0,0,0,0.7142435086103718,206,control,1650,0.0,0.0
1650,Graduated,1,2022-08-22,2022,2022,1,27.16062884483937,25-34,Unknown,Unknown,0,0.0,0.0,0.0,0.0,0.0,0.0,0.0,0.0,0.0,0.0,0,0.0,0,0,0.7142435086103718,206,treated,2086,0.0,
2193,Non Graduated,0,2024-07-08,2024,2024,1,26.605604921394395,25-34,Unknown,Unknown,0,0.0,0.0,0.0,0.0,0.0,0.0,0.0,0.0,0.0,0.0,0,0.0,0,0,0.7142435086103718,207,control,1777,0.0,0.0
1777,Graduated,1,2023-02-13,2023,2023,1,27.12781954887218,25-34,Unknown,Unknown,0,0.0,0.0,0.0,0.0,0.0,0.0,0.0,0.0,0.0,0.0,0,0.0,0,0,0.7142435086103718,207,treated,2193,0.0,
1511,Non Graduated,0,2022-01-31,2022,2022,1,21.071770334928228,<=24,Unknown,Unknown,0,0.0,0.0,0.0,0.0,0.0,0.0,0.0,0.0,0.0,0.0,0,0.0,0,0,0.5,208,control,1593,0.0,0.0
1593,Graduated,1,2022-06-01,2022,2022,1,19.16883116883117,<=24,Unknown,Unknown,0,0.0,0.0,0.0,0.0,0.0,0.0,0.0,0.0,0.0,0.0,0,0.0,0,0,0.5,208,treated,1511,0.0,
1526,Non Graduated,0,2022-02-14,2022,2022,1,20.043745727956253,<=24,Unknown,Unknown,0,0.0,0.0,0.0,0.0,0.0,0.0,0.0,0.0,0.0,0.0,0,0.0,0,0,0.5,209,control,1645,0.0,0.0
1645,Graduated,1,2022-09-12,2022,2022,1,18.020505809979493,<=24,Unknown,Unknown,0,0.0,0.0,0.0,0.0,0.0,0.0,0.0,0.0,0.0,0.0,0,0.0,0,0,0.5,209,treated,1526,0.0,
1646,Non Graduated,0,2022-08-15,2022,2022,1,18.061517429938483,<=24,Unknown,Unknown,0,0.0,0.0,0.0,0.0,0.0,0.0,0.0,0.0,0.0,0.0,0,0.0,0,0,0.5,210,control,1769,0.0,0.0
1769,Graduated,1,2023-05-22,2023,2023,1,19.37388926862611,<=24,Unknown,Unknown,0,0.0,0.0,0.0,0.0,0.0,0.0,0.0,0.0,0.0,0.0,0,0.0,0,0,0.5,210,treated,1646,0.0,
2090,Non Graduated,0,2024-04-01,2024,2024,1,22.252904989747098,<=24,Unknown,Unknown,0,0.0,0.0,0.0,0.0,0.0,0.0,0.0,0.0,0.0,0.0,0,0.0,0,0,0.5,211,control,1906,0.0,0.0
1906,Graduated,1,2023-12-11,2023,2024,1,19.103212576896787,<=24,Unknown,Unknown,0,0.0,0.0,0.0,0.0,0.0,0.0,0.0,0.0,0.0,0.0,0,0.0,0,0,0.5,211,treated,2090,0.0,
2161,Non Graduated,0,2024-06-24,2024,2024,1,18.704032809295967,<=24,Unknown,Unknown,0,0.0,0.0,0.0,0.0,0.0,0.0,0.0,0.0,0.0,0.0,0,0.0,0,0,0.5,212,control,1968,0.0,0.0
1968,Graduated,1,2023-11-20,2023,2024,1,23.510594668489404,<=24,Unknown,Unknown,0,0.0,0.0,0.0,0.0,0.0,0.0,0.0,0.0,0.0,0.0,0,0.0,0,0,0.5,212,treated,2161,0.0,
1551,Non Graduated,0,2022-04-11,2022,2022,1,20.880382775119617,<=24,White,Male,42003241300,1.0,10.0,6.0,1.0,1.0,2.0,0.0,0.0,0.0,0.0,1,16138.5568866607,0,0,0.495442315247154,213,control,1696,0.0031345027873091458,0.0031345027873091458
1696,Graduated,1,2022-10-31,2022,2023,1,20.68079289131921,<=24,White,Male,42003426300,1.0,5.0,6.0,1.0,1.0,3.0,9.017848854680235,9.072975008967456,1.0,1.0,1,28373.811168193686,0,0,0.49230781245984484,213,treated,1551,0.0031345027873091458,
1877,Non Graduated,0,2023-07-05,2023,2023,1,18.657552973342447,<=24,White,Male,42003518001,0.0,0.0,0.0,0.0,0.0,0.0,10.384872603521195,10.183359863914376,1.0,1.0,1,47315.658707054296,0,0,0.7376387065527417,214,control,1898,0.006309110200735657,0.006309110200735657
1898,Graduated,1,2023-07-31,2023,2023,1,19.794941900205057,<=24,White,Male,42003270300,0.0,0.0,0.0,0.0,0.0,0.0,10.888824313867064,9.90365591606222,1.0,1.0,1,23386.511975559522,0,0,0.7439478167534773,214,treated,1877,0.006309110200735657,
