tip_id,year_of_birth,year_of_death,census_tract,gender,race
632.0,1997.0,,42003523100,Male,Black
719.0,1993.0,,42003130800,Male,Black
302.0,1994.0,,42003561400,Male,Black
1374.0,2002.0,,42003051000,Male,Black
2032.0,2005.0,,42003130800,Male,Black
1483.0,2000.0,,42003560400,Male,Black
1731.0,2002.0,,42003481000,Male,Black
1019.0,1999.0,,42003562400,Male,Black
1416.0,2002.0,,42003561900,Female,Black
2122.0,1997.0,,42003561400,Male,Black
928.0,1983.0,,42003271600,Male,Black
636.0,1990.0,,42003020100,Male,Black
1862.0,1990.0,,42003040900,Male,Black
1065.0,1995.0,,42003552300,Male,Black
2154.0,1994.0,,42003523501,Male,Black
1781.0,2004.0,,42003290200,Female,White
1000.0,1999.0,,42003271600,Male,White
443.0,1996.0,,42003130800,Male,Black
1962.0,1991.0,,42003523100,Male,Black
748.0,1978.0,,42003515100,Male,Black
2178.0,1973.0,,42129800900,Male,Black
59.0,1989.0,,42051260800,Male,White
988.0,1995.0,,42003130200,Male,Black
709.0,1977.0,,42003561500,Male,Black
1997.0,2002.0,,42003523100,Female,Black
229.0,1990.0,,,Male,
891.0,1992.0,,42003020100,Male,Black
210.0,1984.0,,42003515100,Male,Black
7.0,1990.0,,42111021100,Male,Black
1414.0,1992.0,,42129801500,Male,Black
2073.0,1996.0,,42003111300,Male,Black
1093.0,1996.0,,42003101400,Male,White
2151.0,2005.0,,42003521402,Male,Black
186.0,1989.0,,42003523501,Male,Black
934.0,1988.0,,42003480300,Male,Black
1128.0,1998.0,,42003310200,Male,Black
401.0,1993.0,,42073011700,Male,White
263.0,1976.0,,42101025300,Male,White
1378.0,1979.0,,42019902400,Male,Black
1130.0,1999.0,,42003465600,Female,Black
644.0,1985.0,,42003426800,Male,White
13.0,1978.0,,42021000600,Male,Black
1870.0,2002.0,,42003504100,Male,Black
1263.0,1992.0,,42003408001,Male,Black
2047.0,2000.0,,42007605500,Male,White
2203.0,2004.0,,42003130200,Male,Black
1179.0,2000.0,,42003508000,Male,Black
1249.0,2002.0,,42003526201,Male,Black
787.0,1990.0,,42003513800,Male,Black
831.0,2000.0,,42003130600,Male,Black
1855.0,2000.0,,42003130600,Male,Black
2190.0,1989.0,,42003130800,Female,Black
2019.0,1991.0,,42003563900,Male,White
2238.0,1993.0,,42003464300,Male,Black
1290.0,1984.0,,42003523501,Male,Black
774.0,1994.0,,42003515401,Male,Black
1640.0,1998.0,,42003486700,Female,Black
1738.0,2002.0,,42003512000,Male,Black
1313.0,1995.0,,42003563100,Male,Other
1939.0,1996.0,,42003202200,Male,White
1661.0,1996.0,,42003517000,Male,Black
2097.0,2006.0,,42129800400,Male,White
1279.0,1986.0,,42003475401,Female,White
915.0,1995.0,,42003492900,Female,White
356.0,1972.0,,42003520001,Male,Black
328.0,1990.0,,42043020400,Male,Black
237.0,1977.0,,42003564700,Male,Black
410.0,1979.0,,42003496102,Male,Black
930.0,1999.0,,42003523502,Male,Black
1230.0,1996.0,,42129800700,Male,Black
751.0,1992.0,,42003552200,Male,Black
1367.0,1994.0,,42003100500,Male,Black
2156.0,1991.0,,42101014800,Male,Black
2221.0,1997.0,,42003551300,Female,Black
769.0,1994.0,,42003484300,Male,Black
827.0,1997.0,,42003523702,Male,Black
990.0,1991.0,,42003514000,Male,Black
2263.0,1990.0,,42003488200,Female,Black
135.0,1983.0,,42003515401,Male,Black
1507.0,1985.0,,42003425000,Male,White
1717.0,1995.0,,42003261400,Male,Black
1692.0,1994.0,,42003515200,Male,Black
966.0,1994.0,,42003509400,Male,Black
1509.0,1995.0,,42125775200,Male,Black
1301.0,1988.0,,42003523100,Male,Black
1354.0,1993.0,,42003191600,Male,Black
1677.0,1996.0,,42003523501,Male,Black
1070.0,1981.0,,42003551300,Male,White
220.0,1994.0,,42003526202,Male,Black
1845.0,1992.0,,42003517000,Female,Black
1885.0,1997.0,,42003513800,Male,Black
453.0,1983.0,,42003512000,Male,Black
1341.0,2000.0,,42003521200,Male,Black
762.0,1987.0,,42003561400,Male,Black
802.0,1985.0,,42003561500,Female,Black
1963.0,1993.0,,42003271600,Male,Black
509.0,1993.0,,42003523501,Male,Black
1851.0,2003.0,,42003523100,Male,Black
1111.0,1990.0,,42003523400,Male,Black
679.0,1974.0,,42003524000,Male,Black
2259.0,1998.0,,42003271600,Male,Black
1166.0,1996.0,,42129804100,Male,Black
2110.0,1997.0,,42003472100,Male,White
2132.0,1989.0,,42003512000,Female,Black
393.0,1991.0,,42003486700,Male,Black
521.0,1981.0,,42007604000,Male,White
503.0,1989.0,,42003151600,Male,White
1823.0,1991.0,,42003518001,Female,Black
140.0,1986.0,,42003462100,Male,Black
452.0,1985.0,,42003552100,Male,Black
60.0,1984.0,,42003523400,Male,White
1229.0,1983.0,,42125754300,Male,Black
120.0,1986.0,,42003478100,Male,White
442.0,1977.0,,42003552000,Male,Black
2219.0,1992.0,,42003488200,Male,Black
392.0,1989.0,,42003488200,Male,White
275.0,1973.0,,42003523100,Male,Black
2305.0,1985.0,,42073000600,Male,Black
380.0,1975.0,,42007604200,Male,White
832.0,1989.0,,42003526202,Male,Black
187.0,1986.0,,42003550900,Male,
417.0,1990.0,,42003140800,Male,White
1007.0,1987.0,,42081000900,Male,White
583.0,1980.0,,42049001800,Male,Black
650.0,1985.0,,42091208801,Male,White
1983.0,1988.0,,42003290100,Female,Black
348.0,1983.0,,42003191400,Male,White
1361.0,2001.0,,42003191700,Male,White
2123.0,2000.0,,42003523200,Male,Black
1566.0,2002.0,,42003521301,Male,Black
720.0,1987.0,,42003120900,Male,Black
1244.0,1993.0,,42003523200,Male,Black
1833.0,1975.0,,42003489002,Male,Black
2261.0,1999.0,,42003141300,Male,White
1353.0,1986.0,,42003010301,Male,Black
836.0,1995.0,,42003564800,Male,Black
61.0,1968.0,,42003320600,Male,White
2209.0,2002.0,,,Male,Black
2009.0,1981.0,,42007604700,Male,Black
1529.0,1974.0,,42003030500,Male,Black
1629.0,1989.0,,42017106402,Male,White
1742.0,1968.0,,42003564700,Male,Black
1335.0,1983.0,,42003271600,Male,Black
2075.0,1985.0,,42003428100,Male,Black
1008.0,1991.0,,42003070900,Female,White
1104.0,1995.0,,42003480200,Male,Black
1133.0,1996.0,,42003040900,Female,White
404.0,1990.0,,42097080900,Male,Black
1233.0,1985.0,2022.0,42003560500,Male,Black
1787.0,2000.0,,42003562300,Male,Black
545.0,1974.0,,42003565100,Male,Black
1142.0,1988.0,,42007602400,Male,White
1914.0,1992.0,,42003488200,Female,White
1055.0,1987.0,,42003020100,Male,Black
1739.0,1991.0,,42003551200,Female,Black
1834.0,2001.0,,,Male,Black
2111.0,1990.0,,42003010301,Male,White
1966.0,1981.0,,42003513800,Male,Black
768.0,1985.0,,,Male,
2098.0,1995.0,,42003070900,Female,White
2184.0,1980.0,,,Male,
1561.0,2000.0,,,Female,
1522.0,1990.0,,42003486700,Male,Black
924.0,1999.0,,42003521302,Male,Black
978.0,1976.0,,42003552300,Male,
1255.0,1992.0,,42003564700,Male,White
2144.0,1998.0,,42003270100,Male,Black
1040.0,1984.0,,42003462600,Male,Black
1981.0,2004.0,,42003111500,Male,Black
1149.0,1983.0,,42073000700,Male,White
1204.0,2001.0,,42003120300,Female,Black
1467.0,1999.0,,42003564400,Male,Black
987.0,1995.0,,42003080700,Female,
1119.0,1992.0,,42003522000,Male,Black
334.0,1992.0,,42003050100,,
2101.0,1999.0,,42085030900,Female,Black
1805.0,2005.0,,42003463900,Male,Black
1320.0,1994.0,,42003130600,Male,Black
2163.0,1998.0,,42051262600,Female,White
1252.0,2001.0,,42003477300,Male,White
1633.0,2002.0,,42007604600,Male,White
1718.0,1981.0,,42003504100,Male,Black
982.0,1964.0,,42003130200,Male,
1877.0,1971.0,,42003518001,Male,White
1832.0,2000.0,,42003080600,Male,Black
1171.0,2002.0,,42003478100,Male,White
286.0,1976.0,,42051261200,Male,Black
1699.0,1981.0,,42003480400,Male,White
307.0,1991.0,,42003523100,Male,Black
1141.0,1989.0,,42003010301,Male,Black
1408.0,1991.0,,42003523501,Male,Black
1704.0,2003.0,,42003523400,Male,
1391.0,1975.0,,42003424000,Male,White
2271.0,1996.0,,42003521200,Male,Black
2074.0,2005.0,,42003501000,Male,Black
1299.0,1987.0,,42003060300,Male,Black
2264.0,1998.0,,42003020100,Male,Black
1911.0,2001.0,,42003261400,Male,Black
1703.0,1990.0,,42003452000,Male,Black
1854.0,1999.0,,42003010301,Male,Black
1684.0,1993.0,,,Male,Black
1760.0,1980.0,,42003564700,Male,
1517.0,2000.0,,42003130200,Female,
2083.0,1995.0,,42003111300,Male,Black
2250.0,2004.0,,42003451105,Female,Black
1836.0,1973.0,,42003508000,Male,Black
1819.0,2001.0,,42003515200,Male,Black
2043.0,1991.0,,42003523800,Male,White
1982.0,1981.0,,42003552100,Female,Black
1526.0,2003.0,,,,
2297.0,1973.0,,42003417100,Male,Black
2228.0,2000.0,,42007604901,Male,White
2233.0,1996.0,,42003101400,Female,Black
2018.0,1984.0,,42003523600,Male,White
2017.0,1997.0,,42003020100,Male,White
2099.0,1991.0,,42107001901,Female,White
91.0,1978.0,,42129801701,Male,White
2076.0,1988.0,,42003261500,,
1751.0,1992.0,,42125751200,Male,
57.0,1987.0,,,Male,
1933.0,1990.0,,42003180700,Male,Black
222.0,1982.0,,42003520001,Male,Black
2024.0,1975.0,,42013101500,Male,Black
391.0,1971.0,,42003523400,Male,Black
523.0,1997.0,,42003523400,Male,Black
524.0,1995.0,,42003111400,Male,Black
1036.0,1989.0,,42003090300,Male,Black
1713.0,1985.0,,42003111300,Male,Black
1688.0,2002.0,,42003520002,Male,Black
879.0,1983.0,,42003490004,Male,Black
39.0,1978.0,,42003507000,Male,Black
1468.0,1982.0,,42003523800,Male,White
1967.0,1972.0,,42003290100,Male,Black
1312.0,1978.0,,42003403500,Male,Black
778.0,1981.0,,42003552400,Male,Black
933.0,1981.0,,42003552300,Male,Black
552.0,1975.0,,42003130600,Male,Black
633.0,1971.0,,42003523400,Male,Black
98.0,1984.0,,42003561500,Male,Black
710.0,1986.0,,42003101400,Male,Black
2176.0,1982.0,,42003523701,Male,Black
478.0,1995.0,,42003130600,Male,Black
342.0,1978.0,,42003513000,Male,Black
534.0,1974.0,,42125754200,Male,Black
911.0,1981.0,,42003565200,Male,Black
62.0,1977.0,,42003260700,Male,Black
2242.0,2001.0,,42003562400,Female,Black
1604.0,2003.0,,42003431100,Male,White
2283.0,2006.0,,42003271600,Male,Black
2216.0,2000.0,,42003300100,Male,Black
1587.0,1999.0,,42003111500,Male,Black
2210.0,1996.0,,42003510000,Male,Black
156.0,1989.0,,42003508000,Male,Black
826.0,2001.0,,42003130800,Male,Black
2201.0,1999.0,,42003262000,Male,Black
1392.0,1997.0,,42003564800,Male,Black
693.0,1985.0,,42003130600,Male,Black
1132.0,1983.0,2020.0,42003130600,Male,Black
973.0,1996.0,,42003262000,Male,Black
701.0,1995.0,,42003561400,Male,Black
1513.0,2004.0,,42003513800,Male,Black
1462.0,1996.0,,42003564800,Male,Black
488.0,1986.0,,42003520002,Male,Black
1039.0,1995.0,,42003050600,Male,Black
1017.0,2000.0,,42003517000,Male,Black
985.0,1993.0,2024.0,42003130600,Male,Black
421.0,1987.0,,42003202200,Male,Black
1534.0,1992.0,,42003486700,Male,Black
1931.0,1990.0,,42003564800,Male,Black
423.0,1993.0,,42003484300,Male,Black
2022.0,1991.0,,42003561900,Male,Black
56.0,1986.0,,42003130700,Male,Black
1077.0,1976.0,,42003100500,Male,Black
805.0,1980.0,,42003552100,Male,Black
2172.0,2004.0,,42003281400,Male,Black
1716.0,1994.0,,42003261500,Male,Black
176.0,1983.0,,42003561400,Male,Black
1617.0,2001.0,,42003250900,Female,Black
1803.0,2004.0,,42003101900,Male,Black
1499.0,2000.0,,42003562901,Male,Black
1386.0,2001.0,,42003161000,Female,Black
45.0,1983.0,,42003564800,Male,Black
139.0,1971.0,,42003565100,Male,Black
1129.0,1972.0,,42003160800,Female,White
1505.0,1998.0,,42003561400,Female,Black
1904.0,1992.0,,42003523600,Male,Black
656.0,1992.0,,42003130700,Male,Black
983.0,1999.0,,42003290400,Female,Black
1311.0,1990.0,,42003271600,Male,Black
479.0,1989.0,,42003515401,Male,Black
2003.0,1984.0,,42003090300,Male,Black
539.0,1987.0,,42003111400,Male,Black
999.0,2000.0,,42003403500,Male,Black
149.0,1992.0,,42003565200,Male,Black
304.0,1987.0,2020.0,42003051100,Male,Black
643.0,1986.0,,42003101900,Male,Black
270.0,1976.0,,42003523400,Male,Black
780.0,1981.0,,42003515100,Male,Black
553.0,1978.0,,42003462600,Male,Black
1288.0,2001.0,,42003522000,Male,Black
169.0,1975.0,,42003551200,Male,Black
1636.0,1993.0,,42003561400,Male,Black
885.0,1992.0,,42003483800,Male,Black
1949.0,1998.0,,42003111500,Male,Black
611.0,1994.0,2022.0,42003565200,Male,Black
823.0,1990.0,,42003524000,Male,Black
1332.0,1990.0,,42003478200,Male,Black
746.0,1993.0,,42003509400,Male,Black
191.0,1989.0,,42003562400,Male,Black
206.0,1988.0,,42003180300,Male,Black
1600.0,1973.0,,42003130800,Male,Black
567.0,1988.0,,42003562400,Male,Black
1784.0,1995.0,,42003484500,Female,Black
1776.0,1999.0,,42003424000,Female,Black
498.0,1986.0,,42003191400,Male,Black
1996.0,1987.0,,42003481000,Male,Black
252.0,1982.0,,42003550900,Male,Black
402.0,1972.0,,42003050600,Female,Black
1537.0,2001.0,,42003513000,Male,Black
182.0,1987.0,,42003515100,Male,Black
282.0,1969.0,,42003515100,Male,Black
976.0,1982.0,,42003270100,Male,Black
2006.0,1998.0,,42003300100,Male,Black
530.0,1976.0,,42003522000,Male,Black
385.0,1988.0,,42003462600,Male,Black
664.0,1984.0,,42003563000,Male,Black
2278.0,1999.0,,42003463900,Female,Black
1512.0,1989.0,,42003130600,Male,Black
279.0,1991.0,,42003262000,Male,Black
29.0,1975.0,,42003521200,Male,Black
1638.0,1998.0,,42003130200,Male,Black
386.0,1982.0,,42003261500,Male,Black
1197.0,1996.0,,42003050900,Male,Black
956.0,2001.0,,42003552000,Male,Black
642.0,1991.0,,42003562400,Male,Black
839.0,1994.0,,42003482500,Male,Black
1979.0,1995.0,,42003492800,Male,Black
757.0,1993.0,,42003262000,Male,Black
251.0,1987.0,,42003191600,Male,Black
1242.0,1981.0,,42003526101,Male,Black
842.0,1990.0,,42003510000,Male,Black
1203.0,1980.0,,42003521301,Male,Black
1521.0,1980.0,,42003100500,Male,Black
2191.0,2006.0,,42003120900,Male,Black
1842.0,1978.0,,42003523200,Male,Black
556.0,1981.0,,42003562800,Male,White
580.0,1987.0,,42003130200,Male,Black
558.0,1970.0,,42003552000,Male,Black
167.0,1971.0,,42003462600,Male,Black
137.0,1978.0,,42003523300,Male,Black
1280.0,1954.0,,42003430200,Male,White
119.0,1983.0,,,Male,Black
67.0,1977.0,,42003562400,Male,Black
338.0,1977.0,,42003484300,Male,Black
144.0,1976.0,,42003513800,Male,Black
81.0,1969.0,,42003464400,Male,Black
2065.0,1971.0,,42003486800,Male,Black
69.0,1975.0,,42051261700,Male,Black
110.0,1980.0,,42003523300,Male,Black
411.0,1984.0,,42003448000,Male,Black
1538.0,1997.0,,42003561400,Male,Black
1850.0,1995.0,,42003561500,Male,Black
738.0,1998.0,,42019910302,Male,White
670.0,1978.0,,42003130800,Male,Black
785.0,1990.0,,42003513000,Male,Black
652.0,1977.0,,42003565200,Male,Black
2055.0,1968.0,,42003523400,Female,Black
2306.0,1970.0,,42003980600,Male,Black
16.0,1989.0,,42003130600,Male,Black
1304.0,2000.0,,42003481000,Male,Black
1064.0,1999.0,2023.0,42049002600,Male,Black
1122.0,1989.0,2024.0,42003050900,Male,Black
1165.0,1997.0,,42003473401,Male,Black
894.0,1997.0,,42003202300,Male,White
737.0,1990.0,,42003262000,Male,Black
2038.0,2001.0,,42003120900,Male,Black
53.0,1983.0,,42003561500,Male,Black
2226.0,2004.0,,42003562400,Male,Other
1241.0,1979.0,,42003523100,Male,Black
907.0,1988.0,,42003508000,Male,Black
1245.0,1983.0,,42003403500,Male,Black
1107.0,1989.0,,42003492800,Male,Black
1928.0,1999.0,,42003552300,Male,Black
2269.0,2003.0,,42003563202,Male,Black
233.0,1983.0,,42003523200,Male,Black
1647.0,1978.0,,42003130600,Male,Black
437.0,1969.0,,42003270100,Male,Black
23.0,1983.0,,42073000400,Male,Black
1937.0,1988.0,,42003565100,Male,Black
36.0,1979.0,,42007604901,Male,Black
1281.0,1980.0,,42003486800,Male,Black
72.0,1981.0,,42003523300,Male,Black
376.0,1986.0,,42003450800,Male,Black
209.0,1979.0,2016.0,42003465800,Male,White
84.0,1980.0,,42003561400,Male,Black
1744.0,1980.0,,42003523501,Male,Black
155.0,1980.0,,42003564700,Male,Black
765.0,1979.0,,42003523600,Male,Black
563.0,1973.0,,42003515200,Male,Black
480.0,1986.0,,42019911502,Male,White
165.0,1985.0,,42003130700,Male,Black
605.0,1986.0,2018.0,42003271600,Male,Black
1641.0,1987.0,,42003562500,Male,Black
21.0,1982.0,,42003523200,Male,Black
994.0,1983.0,,42003486800,Male,Black
360.0,1974.0,,42003202200,Male,Black
208.0,1970.0,,42003140500,Male,Black
1397.0,1977.0,,42003522000,Male,Black
20.0,1980.0,,42003483800,Male,Black
1380.0,1981.0,,42003130800,Male,Black
112.0,1985.0,,42003562300,Male,Black
1026.0,1981.0,,42003120300,Male,Black
1025.0,1983.0,,42003130600,Male,Black
518.0,1974.0,2019.0,42049001200,Male,Black
532.0,1971.0,,42003552000,Male,Black
2026.0,2002.0,,42003552000,Male,White
1737.0,1990.0,,42003111400,Female,Black
671.0,1985.0,,42003450800,Male,Black
494.0,1983.0,,42003492700,Male,White
531.0,1977.0,,42003522000,Male,White
400.0,1978.0,,42003140500,Male,Black
1062.0,1983.0,,42003271600,Male,Black
1466.0,2002.0,,42003130600,Male,Black
2140.0,2004.0,,42003565200,Male,Black
669.0,1996.0,,42003562600,Male,Black
943.0,1997.0,,42003551200,Female,Black
1711.0,1995.0,,42003564700,Male,Black
1674.0,2002.0,,42003270300,Male,White
1857.0,1996.0,,42003462600,Female,Black
2064.0,1982.0,,42003191700,Female,White
522.0,1995.0,,42003120900,Male,Black
1619.0,2004.0,2024.0,42003483800,Male,Black
904.0,1994.0,,42003498000,Male,Black
2016.0,1991.0,,42003130800,Female,Black
2183.0,2002.0,,42003101900,Male,Black
929.0,1977.0,,42003551200,Male,Black
1516.0,1983.0,,42007604000,Male,Black
461.0,1982.0,,42003111400,Male,Black
1807.0,1986.0,,42003130700,Male,Black
2166.0,1999.0,,42003552400,Male,Black
1368.0,1996.0,,42003486800,Female,Black
840.0,1989.0,,42003130200,Male,Black
1146.0,1991.0,,42003110600,Male,Black
276.0,1990.0,,42003562300,Male,Black
1194.0,1993.0,,42003513000,Male,Black
1330.0,1996.0,,42003514000,Female,Black
1100.0,1978.0,,42003561900,Male,Black
42.0,1989.0,,42003515100,Male,Black
1253.0,1997.0,,42003564400,Male,Black
1410.0,1988.0,,42003561500,Male,Black
1340.0,1997.0,,42003101900,Male,Black
1501.0,2001.0,,42003484300,Male,Black
1733.0,1993.0,,42003486900,Male,Black
594.0,1998.0,,42003521301,Male,Black
1051.0,1999.0,,42003499400,Male,Black
2214.0,1998.0,,42003483800,Male,Black
1953.0,1996.0,,42003051000,Female,Black
2079.0,2001.0,,42003130800,Male,Black
1209.0,1991.0,,42003290100,Male,Black
589.0,1997.0,,42003101900,Male,Black
1477.0,2001.0,,42003526302,Male,Black
1275.0,1991.0,,42003486800,Male,Black
2252.0,1997.0,,42003523100,Male,Black
621.0,1992.0,,42003563900,Male,Black
541.0,1993.0,,42003523100,Male,Black
1774.0,1996.0,,42003564800,Male,Black
1878.0,2005.0,,42003484300,Male,Black
1155.0,1999.0,,42003111300,Male,Black
1440.0,1998.0,,42003520002,Male,Black
809.0,1991.0,,42003562300,Female,Black
1669.0,1999.0,,42003080200,Male,White
89.0,1985.0,,42003523200,Male,Black
724.0,1988.0,,42007601300,Male,White
1073.0,1992.0,,42003560400,Male,Black
1865.0,2005.0,,42003563900,Male,Black
2053.0,1985.0,,42003111500,Female,Black
2244.0,2005.0,,42003050900,Male,Black
2198.0,1999.0,,42003523100,Male,Black
1987.0,2005.0,,42003509400,Male,Black
1766.0,1989.0,,42003523400,Female,Black
1401.0,1986.0,,42003120900,Male,Black
1492.0,1993.0,,42003130800,Male,Black
1147.0,2001.0,,42003562300,Male,Black
2298.0,2004.0,,42003562300,Female,Black
970.0,1993.0,2022.0,42003101400,Male,Black
407.0,1989.0,,42003261300,Male,Black
1735.0,1988.0,,42003486900,Male,Black
783.0,1987.0,2022.0,42003512000,Male,Black
2125.0,2002.0,,42003462100,Male,Black
1514.0,1984.0,,42003486800,Female,Black
2171.0,2005.0,,42003520002,Male,Black
1329.0,1980.0,,42003464400,Female,Black
2059.0,2003.0,,42003464400,Male,Black
1438.0,1995.0,,42003140500,Male,Black
1115.0,2001.0,2023.0,42003310200,Male,White
1779.0,2004.0,,42003130600,Female,Black
1382.0,2002.0,,42003050600,Male,Black
1226.0,2001.0,,42003120300,Male,Black
2127.0,2005.0,,42003100500,Male,Black
1630.0,2003.0,,42003120300,Male,Black
754.0,1996.0,,42003562300,Male,Black
1345.0,2002.0,,42003261500,Male,Black
2174.0,2002.0,,42003111500,Male,White
818.0,1979.0,,42003160900,Male,Black
1439.0,1987.0,,42003486800,Male,Black
856.0,1999.0,,42003561900,Male,Black
811.0,1995.0,,42003120900,Male,Black
2114.0,1988.0,,42003513000,Male,Black
1570.0,2002.0,,42003523702,Female,Black
554.0,1995.0,,42003261400,Male,Black
1710.0,1998.0,,42003130600,Female,Black
1810.0,1995.0,,42003483800,Male,Black
900.0,1997.0,,42003521401,Male,Black
2078.0,1997.0,,42003516200,Male,Black
1591.0,1998.0,,42003501000,Male,Black
2181.0,2005.0,,42003120300,Male,Black
2145.0,2005.0,,42003561500,Male,Black
1356.0,2000.0,,42003509400,Male,Black
1326.0,2001.0,,42003101900,Male,Black
1411.0,2002.0,,42003509400,Male,Black
1821.0,1998.0,,42003290100,Female,Black
3.0,1999.0,,42003562400,Male,Black
905.0,1996.0,,42003111400,Male,Black
1048.0,2000.0,,42003110200,Male,Black
2120.0,1996.0,,42003464400,Male,Black
1544.0,2001.0,2022.0,42003130600,Female,Black
2121.0,1997.0,,42003300100,Male,Black
2131.0,2001.0,,42003509400,Male,Black
1880.0,2003.0,,42003130600,Male,Black
1531.0,2004.0,,42003120900,Male,Black
1783.0,1997.0,,42003562901,Male,Black
2194.0,1999.0,,42003516200,Male,Black
1701.0,1994.0,,42003520002,Female,Black
459.0,1989.0,,42003070300,Male,Black
2004.0,2005.0,,42003050900,Male,Black
1639.0,2002.0,,42003281500,Male,Black
1548.0,1993.0,,42003488400,Male,Black
1231.0,2000.0,,42003130200,Male,Black
1667.0,1995.0,,42003191600,Male,Black
1709.0,1991.0,,42003552000,Male,Black
1761.0,2000.0,,42003484500,Male,Black
2137.0,2005.0,,42003561900,Male,Black
1725.0,1990.0,,42003483800,Female,Black
303.0,1993.0,,42003310200,Male,Black
2102.0,2006.0,,42003513000,Male,Black
1574.0,2003.0,,42003513000,Male,Black
1658.0,1994.0,,42003151700,Male,Black
1371.0,1990.0,,42003464400,Male,White
585.0,1990.0,,42003565100,Male,Black
1596.0,1994.0,,42003515401,Male,Black
434.0,1978.0,,42019910301,Female,White
2170.0,1997.0,,42003050600,Male,Black
581.0,1977.0,,42003462600,Male,Black
472.0,1995.0,,42003130600,Male,Black
1457.0,1998.0,,42007602100,Male,Black
1339.0,2003.0,,42003523200,Male,Black
2164.0,2006.0,,42003101900,Male,Black
314.0,1995.0,,42003561400,Male,Black
750.0,1995.0,,42007601400,Male,Black
2308.0,2001.0,,42003050600,Male,Black
666.0,1966.0,2021.0,42003523800,Male,Black
2262.0,2006.0,,42003515300,Male,Black
1323.0,2001.0,,42003413100,Male,Black
2072.0,2006.0,,42003523300,Male,Black
430.0,1982.0,,42003463900,Female,Black
1613.0,1993.0,,42003260700,Male,Black
1325.0,2000.0,,42003561400,Male,Black
663.0,1985.0,,42003551300,Male,White
73.0,1990.0,,42003468800,Male,White
1543.0,1992.0,,42003561400,Male,Black
1734.0,1995.0,,42003486900,Male,Black
1924.0,2004.0,,42003522000,Male,Black
1407.0,2001.0,,42003522000,Male,Black
485.0,1984.0,,42003260200,Male,White
1606.0,1994.0,,42003509400,Female,White
1154.0,1990.0,,42003560400,Male,Black
1952.0,1999.0,,42003562400,Male,Black
1441.0,2001.0,,42003551200,Male,Black
986.0,1988.0,,42003513800,Male,Black
353.0,1993.0,,42003130800,Male,Black
396.0,1973.0,,42003523100,Male,Black
323.0,1976.0,,42003512000,Male,White
103.0,1983.0,,42003552300,Male,Black
944.0,1996.0,,42003492800,Male,Black
513.0,1967.0,,42003050100,Male,Black
160.0,1994.0,,42003483800,Male,Black
916.0,1995.0,,42007605500,Male,Black
645.0,1989.0,2021.0,42003513800,Male,Black
101.0,1983.0,,42003010301,Male,White
325.0,1978.0,2020.0,42003464300,Male,White
1103.0,1990.0,2020.0,42003202300,Male,White
446.0,1992.0,,42003499400,Male,Black
440.0,1990.0,,42003523600,Male,Black
1689.0,1992.0,,42003564800,Male,Black
1905.0,2003.0,,42007604200,Male,Black
1160.0,2001.0,,42003562400,Male,White
2070.0,2005.0,,42003300100,Male,White
1161.0,1996.0,,42003488600,Male,Black
1257.0,1997.0,,42003523100,Male,Black
1938.0,1999.0,,42003050100,Female,Black
465.0,1993.0,,42003111500,Male,Black
2200.0,1991.0,,42003180300,Male,Black
163.0,1979.0,,42011001300,Female,White
2265.0,2000.0,,42003271600,Male,Black
2253.0,2006.0,,42003300100,Male,White
1762.0,2004.0,,42003130700,Male,Black
1237.0,2002.0,,42003191500,Male,Black
579.0,1995.0,,42003141200,Male,White
2124.0,2004.0,,42003120300,Male,Black
76.0,1994.0,,42003120300,Male,Black
2196.0,1996.0,,42125775300,Male,Black
837.0,1989.0,,42003483800,Male,Black
834.0,1994.0,,42003561400,Female,Black
2272.0,2006.0,,42003101900,Female,Black
622.0,1999.0,,42003300100,Male,Black
412.0,1988.0,,42003494000,Male,White
344.0,1970.0,,42003521301,Male,Black
797.0,1999.0,,42003300100,Male,Black
804.0,1987.0,,,Male,Black
214.0,1990.0,,42003478200,Male,Black
697.0,1972.0,,42003191400,Male,Black
2150.0,2005.0,,42003564700,Male,Black
855.0,1997.0,,42003560400,Male,Black
731.0,1994.0,,42003492900,Male,Black
1256.0,1994.0,,42003524000,Male,Black
345.0,1983.0,,42003564700,Male,Black
1916.0,1987.0,,42003492700,Male,Black
601.0,1987.0,,42003551200,Female,Black
1798.0,2004.0,,42003564700,Male,Black
284.0,1978.0,,42003462600,Male,Black
136.0,1976.0,,42007603202,Male,White
1714.0,1999.0,,42003300100,Male,Black
157.0,1985.0,,42003300100,Male,Black
2081.0,1997.0,,42003463900,Male,Black
2100.0,2003.0,,42003565200,Male,Black
196.0,1981.0,,42049001100,Male,White
668.0,1996.0,,42003562400,Male,Black
71.0,1982.0,,42049000800,Male,Black
115.0,1967.0,,42003111400,Male,Black
154.0,1971.0,,42003513000,Male,Black
735.0,1995.0,,42003111500,Male,Black
1644.0,2001.0,,42003130800,Male,Black
716.0,1995.0,,42003486900,Male,Black
1445.0,1993.0,,42003483800,Male,Black
1460.0,1997.0,,42003130800,Male,Black
1918.0,2000.0,,42003523300,Female,Black
626.0,1987.0,,42003070900,Female,Black
1925.0,1986.0,,42003521500,Male,Black
1515.0,2001.0,,42003523702,Male,Black
1756.0,1998.0,,42003180700,Male,Black
1396.0,1997.0,,42003561900,Male,Black
1134.0,1998.0,,42003523300,Male,Black
1575.0,1994.0,,42003514000,Male,Black
432.0,1980.0,,42003499400,Male,White
217.0,1990.0,,42003180700,Male,White
788.0,1985.0,2019.0,42003523600,Male,Black
2186.0,1994.0,,42003424000,Male,Black
1369.0,2000.0,,42003523100,Male,Black
1190.0,1988.0,,42003523702,Female,Black
1656.0,2000.0,,42003030500,Female,Black
44.0,1979.0,,42003140500,Male,Black
2010.0,2005.0,,42003477300,Female,Other
2104.0,1993.0,,42003110200,Male,Black
2222.0,1999.0,,42003514000,Male,Black
2227.0,1978.0,,42007604700,Female,White
2129.0,2001.0,,42003565100,Male,Black
1757.0,2005.0,,42003565200,Male,Black
246.0,1999.0,,42003040400,Male,White
1611.0,2003.0,,42003523400,Male,Black
729.0,1982.0,,42003426400,Male,Black
1243.0,1998.0,,42003520001,Male,Black
173.0,1982.0,,42003512000,Female,Black
571.0,1976.0,,42003261400,Male,Black
812.0,1996.0,,42003101400,Male,Black
477.0,1976.0,,42003513000,Male,Black
2217.0,2005.0,,42003523502,Male,Black
2035.0,1991.0,,42003551900,Male,Black
1955.0,1999.0,,42003515100,Female,Black
1261.0,1991.0,,42003492700,Male,Black
547.0,1986.0,,42003552100,Male,Black
1175.0,2002.0,,42003551200,Male,Black
162.0,1990.0,,42003483800,Male,Black
370.0,1982.0,,42003130800,Male,Black
958.0,2001.0,,42003513000,Male,Black
888.0,1980.0,,42003463900,Male,Black
33.0,1982.0,,42013100500,Male,White
1620.0,1985.0,,42003170200,Male,White
557.0,1984.0,,42003564700,Male,Black
1260.0,1997.0,,42003521402,Male,Black
1935.0,1987.0,,42003564700,Female,Black
1657.0,1993.0,,42003515300,Male,Black
261.0,1978.0,,42003514000,Male,Black
814.0,1989.0,,42003508000,Male,Black
1248.0,1989.0,,42003508000,Male,Black
1267.0,2001.0,,42003281500,Male,Black
332.0,1976.0,,42003526202,Male,White
673.0,1990.0,,42003130600,Female,Black
2067.0,1986.0,,42003513000,Female,Black
2175.0,1999.0,,42003513800,Male,Black
1876.0,2003.0,,42003523300,Male,Black
646.0,1992.0,,42003192000,Male,Black
700.0,1993.0,,42125791000,Male,Black
1045.0,1983.0,,42003562400,Male,Black
1610.0,2000.0,,42003512000,Male,Black
779.0,1988.0,2023.0,42003130700,Male,White
1054.0,1999.0,,42003401200,Female,Black
1673.0,1991.0,,42003486700,Female,Black
683.0,1993.0,,42003480400,Male,White
379.0,1989.0,,42003474201,Male,White
1206.0,1994.0,,42003462600,Female,Black
254.0,1989.0,,42003523501,Male,Black
1866.0,2004.0,,42003424000,Male,Black
2033.0,2004.0,,42003561500,Male,Black
848.0,1993.0,,42003489001,Male,Black
1998.0,2000.0,,42003523600,Male,Black
616.0,1990.0,,42003111500,Female,Black
1930.0,2003.0,,42003472300,Male,Black
2236.0,2003.0,,42003562600,Male,Black
954.0,1997.0,,42003552000,Male,Black
2204.0,1992.0,,42003562500,Male,Black
501.0,1995.0,,42003403500,Male,Black
492.0,1989.0,,42003464400,Male,Black
447.0,1994.0,,42003202200,Male,Black
221.0,1979.0,,42003262000,Male,Black
1089.0,1991.0,,42019910600,Male,White
1752.0,1988.0,,42007604500,Female,Black
1623.0,1986.0,,42003563900,Female,Black
1643.0,1995.0,,42003517000,Female,Black
1186.0,2002.0,,42003523300,Male,Black
1830.0,2003.0,,42003261400,Male,Black
1863.0,1982.0,,42003403500,Male,Black
259.0,1991.0,,42003550900,Male,Black
1895.0,1980.0,,42003271600,Female,Black
897.0,2009.0,,42003101900,Male,Black
906.0,1994.0,,42003480400,Male,White
1682.0,1986.0,,42003515100,Female,Black
1976.0,1996.0,,42003561900,Male,Black
919.0,1990.0,,42003550900,Male,Black
1091.0,1986.0,,42003111400,Male,Black
2268.0,1986.0,,42007601300,Male,White
1811.0,2004.0,,42003191600,Male,White
730.0,1991.0,,42003515100,Male,Black
1316.0,2002.0,,42003101800,Male,Black
1423.0,1993.0,,42003515401,Female,Black
2096.0,1992.0,,42003561400,Male,Black
1409.0,2003.0,,42003402000,Male,White
83.0,1991.0,,42003564800,Female,Black
1049.0,2000.0,,42003130700,Male,Black
1105.0,1995.0,,42003523300,Male,Black
132.0,1984.0,,42125704100,Male,Black
1886.0,1983.0,2023.0,42065951200,Male,Black
957.0,2001.0,,42003523800,Female,Black
1580.0,2003.0,,42003561900,Male,Black
672.0,1981.0,,42003020100,Male,Black
1283.0,1999.0,,42003482500,Male,Black
766.0,1994.0,,42111021000,Male,Black
1258.0,2001.0,,42003151700,Male,Black
2030.0,2005.0,,42003110600,Male,Black
1346.0,2003.0,,42003101900,Male,Black
1489.0,1994.0,,42003564800,Female,Black
1195.0,2001.0,,42003515100,Male,Black
607.0,1988.0,,42003160800,Male,White
1533.0,2003.0,,42003484300,Male,Black
1417.0,1984.0,,42003060500,Male,Black
2061.0,2006.0,,42003111500,Male,Black
1900.0,2000.0,,42003523502,Male,Black
1868.0,2003.0,,42003523400,Female,Black
1554.0,2002.0,,42003130800,Male,Black
1780.0,1994.0,,42003561400,Male,Black
661.0,1995.0,,42003523100,Male,Black
1607.0,1993.0,,42003492800,Male,Black
794.0,1998.0,,42003120900,Male,Black
2280.0,2004.0,,42003488200,Male,Black
1748.0,1976.0,,42003526202,Male,Black
2031.0,2003.0,,42003562600,Male,Black
2284.0,1971.0,,42003020100,Male,White
1164.0,2000.0,,42003499400,Male,White
375.0,1980.0,,42003551200,Male,Black
1768.0,2002.0,,42003281500,Male,Black
406.0,1981.0,,42003510000,Male,Black
1616.0,1985.0,,42003140500,Male,Black
972.0,1972.0,,42003130800,Male,Black
510.0,1996.0,,42003515300,Male,Black
1958.0,1992.0,,42003111400,Female,Black
1889.0,1995.0,,42003290200,Male,Black
726.0,1992.0,,42003484600,Male,Black
1076.0,1993.0,,42003521302,Male,Black
373.0,1988.0,,42003564700,Male,Black
1539.0,2002.0,,42003300100,Female,Black
1913.0,1990.0,,42003473300,Male,White
703.0,1989.0,,42003496101,Male,Black
1222.0,1999.0,,42003130600,Male,Black
2207.0,2000.0,,42003050600,Male,Black
728.0,1981.0,,42003492800,Male,Black
706.0,1995.0,,42125731000,Male,Black
2134.0,1997.0,,42003565200,Male,Black
271.0,1990.0,,42003120300,Male,Black
1061.0,1991.0,2025.0,42003488600,Male,White
2095.0,1996.0,,42003509400,Male,Black
1479.0,2000.0,,42003120900,Male,Black
1602.0,1996.0,,42003111400,Female,Black
2225.0,2002.0,,42003510000,Female,Black
1978.0,1987.0,,42003492800,Male,Black
1193.0,1992.0,,42003523501,Male,Black
606.0,1983.0,2022.0,42003564800,Male,Black
1427.0,2003.0,,42003504100,Female,Black
2192.0,2005.0,,42003140500,Female,White
1847.0,1968.0,,42003483800,Male,Black
445.0,1968.0,,42003427000,Male,Black
1053.0,1981.0,,42003565100,Male,Black
1655.0,1998.0,,42003564800,Female,Black
305.0,1991.0,,42003290200,Male,Black
1542.0,2001.0,,42003515200,Male,Black
1557.0,1995.0,,42003140800,Male,Black
1706.0,1998.0,,42003552100,Male,Black
1289.0,1988.0,,42003523501,Male,Black
1286.0,1998.0,,42003561400,Male,Black
1421.0,1999.0,,42003130800,Male,Black
1327.0,2003.0,,42003430200,Male,White
2224.0,1988.0,,42003130200,Female,Black
1136.0,1995.0,,42003030500,Male,Black
1016.0,1999.0,,42003464300,Male,Black
1530.0,1995.0,,42003130200,Female,Black
1970.0,1994.0,,42003101900,Male,Black
1945.0,2000.0,,42003562901,Male,Black
2310.0,1997.0,,42003552300,Female,Black
1599.0,1999.0,,42003561400,Female,Black
864.0,1989.0,,42003504100,Male,Black
1454.0,2003.0,,42003261300,Male,Black
1162.0,1995.0,,42003562600,Male,Black
2281.0,1990.0,,42003516200,Male,White
1174.0,2001.0,,42003497000,Male,White
301.0,1995.0,,42003101900,Male,Black
1917.0,1970.0,,42003473100,Male,White
292.0,1966.0,,42003111300,Male,Black
1419.0,1973.0,,42003140500,Female,Black
1140.0,1986.0,,42003456001,Male,Black
846.0,2000.0,,42003161000,Male,Black
484.0,1992.0,,42003486800,Male,Black
892.0,1994.0,,42003562400,Male,Black
1795.0,2004.0,,42003271600,Male,Black
1471.0,2002.0,,42003420000,Male,Black
1086.0,1988.0,,42003488200,Male,Black
2105.0,1996.0,,42003300100,Female,Black
723.0,1997.0,,42051263000,Male,White
1814.0,2004.0,,42003130800,Female,Black
2113.0,2004.0,,42003050100,Male,Black
1622.0,1990.0,,42003130700,Male,Black
2232.0,2002.0,,42003560400,Male,Black
1988.0,1993.0,,42003464400,Male,Black
747.0,1997.0,,42003468900,Male,Black
1480.0,2002.0,,42003488200,Female,Black
949.0,1998.0,,42003130600,Male,Black
2167.0,1999.0,,42003464400,Male,Black
1037.0,1993.0,,42003561400,Male,Black
935.0,1995.0,,42003271600,Male,Black
1218.0,1998.0,,42003250900,Male,Black
688.0,1990.0,,42129800200,Male,White
1379.0,1997.0,,42003462600,Male,Black
732.0,1989.0,,42003513000,Male,Black
1972.0,1985.0,,42003563000,Male,Black
2050.0,1992.0,,42003523200,Male,Black
602.0,1994.0,,42003050100,Male,Black
1508.0,1999.0,,42003520002,Female,Black
565.0,1996.0,2022.0,42003561400,Male,Black
1625.0,1996.0,,42003482500,Male,Black
947.0,1985.0,2019.0,42003271600,Male,Black
1681.0,1987.0,,42003130600,Male,Black
90.0,1987.0,,42003551200,Male,Black
1020.0,1986.0,,42003261400,Male,Black
1861.0,1982.0,,42003523100,Male,Black
2068.0,1992.0,,42003010301,Male,Black
1180.0,1996.0,,42003462600,Female,Black
249.0,1991.0,,42003130600,Male,Black
2185.0,1994.0,,42003130700,Male,Black
2189.0,2001.0,,42003521302,Male,Black
2116.0,1998.0,,42003523200,Male,Black
850.0,1996.0,,42003281500,Male,Black
164.0,1976.0,2023.0,42003523501,Male,Black
1923.0,2002.0,,42003300100,Male,Black
635.0,1995.0,,42003130600,Male,Black
374.0,1983.0,,42003520002,Male,Black
368.0,1996.0,,42003130700,Male,Black
1986.0,1997.0,,42003030500,Male,Black
1199.0,1996.0,,42003101900,Male,Black
680.0,1989.0,,42003513000,Male,Black
998.0,1989.0,,42003515200,Male,Black
47.0,1990.0,,42003552300,Male,Black
2117.0,1987.0,,42003523702,Male,Black
1969.0,2003.0,,42003523800,Male,Black
654.0,1997.0,,42003562500,Female,Black
1571.0,2004.0,,42003496101,Male,White
1578.0,1994.0,,42003191100,Male,Black
2112.0,2004.0,,42003281500,Male,Black
860.0,1992.0,,42003499300,Male,Black
2066.0,2003.0,,42003130700,Male,Black
743.0,2001.0,2023.0,42003522000,Male,Black
378.0,1987.0,,42003552000,Male,Black
1881.0,1999.0,,42003513800,Male,Black
1700.0,1995.0,,42003130700,Male,Black
953.0,1996.0,,42003523502,Female,Black
969.0,1995.0,,42003504100,Male,Black
1085.0,2001.0,,42003564800,Male,Black
824.0,1992.0,,42003514000,Male,Black
1597.0,1989.0,,42003141300,Male,Black
462.0,1995.0,,42003510000,Male,Black
40.0,1978.0,,42003100500,Male,Black
1896.0,1995.0,,42003488200,Female,Black
278.0,1982.0,,42003564700,Male,Black
1465.0,1996.0,2022.0,42003130700,Male,Black
796.0,1993.0,,42003523200,Male,Black
238.0,1988.0,,42003424000,Male,Black
996.0,1994.0,,42003463900,Female,Black
859.0,1987.0,2023.0,42003050900,Male,Black
92.0,1986.0,,42129804200,Male,Black
1287.0,1992.0,,42003523200,Male,Black
1746.0,1993.0,,42003492800,Male,Black
1919.0,1999.0,,42003562500,Male,Black
1660.0,1990.0,,42003513000,Female,Black
617.0,1980.0,,42003564800,Male,Black
1708.0,2002.0,,42003552400,Male,Black
800.0,1986.0,,42003552000,Male,Black
336.0,1993.0,,42003050600,Male,Black
228.0,1996.0,,42003120300,Male,Black
1282.0,1996.0,,42003562901,Male,Black
1555.0,1992.0,,42003462600,Male,Black
283.0,1989.0,,42003140500,Male,Black
1664.0,1993.0,,42003130800,Male,Black
1240.0,1994.0,,42003300100,Male,Black
2220.0,2000.0,,42003130600,Male,Black
1310.0,2001.0,,42003261300,Female,Black
1448.0,2001.0,,42003241300,Male,White
1424.0,1994.0,,42003170600,Female,Black
927.0,1982.0,,42003513000,Male,Black
948.0,2000.0,,42003513000,Male,Black
2139.0,1999.0,,42003191600,Male,Black
2133.0,1999.0,,42003030500,Male,Black
1859.0,2004.0,,42003523200,Male,Black
1902.0,2002.0,,42003483800,Male,Black
1011.0,1990.0,,42003486900,Female,Black
408.0,1992.0,,42003520002,Male,Black
662.0,1983.0,,42003111500,Male,Black
43.0,1988.0,,42003130200,Male,Black
538.0,1994.0,,42003191400,Male,Black
1004.0,1981.0,,42003120900,Male,Black
1875.0,1982.0,,42003464400,Male,Black
114.0,1981.0,,42003523200,Male,Black
1153.0,1992.0,,42003020100,Male,Black
1957.0,2002.0,,42003565200,Male,Black
1770.0,1999.0,,42003509400,Male,Black
1176.0,1980.0,,42003120900,Male,Black
1792.0,1999.0,,42003522000,Male,Black
331.0,1992.0,,42003551200,Male,Black
1201.0,1995.0,,42003270300,Female,Black
138.0,1987.0,,42003480101,Male,Black
1946.0,1999.0,,42003270100,Male,Black
2177.0,2002.0,,42003463900,Male,Black
742.0,1984.0,,42003191900,Male,Black
536.0,1988.0,,42003111500,Female,Black
1951.0,1995.0,,42003565100,Male,Black
764.0,1993.0,,42003432400,Female,Black
74.0,1986.0,,42003513800,Male,Black
817.0,1994.0,,42003111500,Male,Black
1975.0,1998.0,,42003509400,Male,Black
1482.0,1999.0,,42003010302,Male,Black
2197.0,1994.0,,42003488200,Male,Black
525.0,1985.0,,42003514000,Male,Black
489.0,1989.0,,42003509400,Male,Black
1653.0,1997.0,,42003561500,Male,Black
1723.0,1994.0,,42003552100,Male,Black
2128.0,1988.0,,42003120300,Male,Black
1178.0,1997.0,,42003488300,Male,Black
1829.0,1999.0,,42003120300,Male,Black
2300.0,2003.0,,42003486800,Male,Black
2213.0,1991.0,,42003261400,Male,Black
595.0,1991.0,,42003552000,Male,Black
938.0,1999.0,,42003520002,Male,Black
1666.0,2004.0,,42003564700,Male,Black
1843.0,1995.0,,42003271600,Male,Black
1308.0,1996.0,,42003130800,Female,Black
1680.0,1999.0,,42003130800,Male,Black
2276.0,1998.0,,42003427000,Male,White
658.0,1994.0,,42003561400,Male,Black
591.0,1994.0,,42003130800,Male,Black
858.0,1989.0,2022.0,42003161000,Male,Black
192.0,1980.0,,42003523100,Male,Black
1827.0,1998.0,,42003561500,Male,Black
587.0,1985.0,,42003120300,Male,Black
1415.0,2003.0,,42003522000,Male,Black
1148.0,2001.0,,42003552400,Male,Black
1031.0,1978.0,,42003130600,Male,Black
1687.0,1993.0,,42003510000,Male,Black
1894.0,2001.0,,42003464400,Male,Black
1603.0,2002.0,,42003170600,Male,Black
1342.0,2001.0,,42003261300,Male,Black
1831.0,2000.0,,42003130200,Male,Black
2028.0,1994.0,,42003521500,Male,Black
1430.0,1992.0,,42003523600,Male,Black
984.0,1981.0,2023.0,42003519000,Male,Black
2155.0,1996.0,,42003480101,Male,Black
1027.0,1984.0,,42003564700,Male,Black
1265.0,1981.0,,42003130700,Male,Black
1157.0,1992.0,,42003523300,Male,Black
1672.0,1998.0,,42003051000,Female,Black
364.0,1992.0,,42003101900,Male,Black
568.0,1990.0,,42003565100,Male,Black
1789.0,2002.0,,42003130700,Male,Black
1370.0,1994.0,,42003561500,Male,Black
979.0,1995.0,,42003130200,Male,Black
2011.0,1999.0,,42003261300,Male,Black
1551.0,1983.0,2023.0,42003241300,Male,White
161.0,1980.0,,42003130600,Male,Black
1922.0,2001.0,,42003300100,Male,Black
1434.0,1995.0,,42003140500,Female,Black
2195.0,1996.0,,42003562300,Female,Black
17.0,1971.0,,42125754400,Male,Black
2000.0,1999.0,,42003560400,Male,Black
1041.0,2000.0,,42003500300,Male,Black
1298.0,1991.0,2021.0,42003130200,Male,Black
377.0,1994.0,,42003160800,Male,Black
1992.0,1978.0,,42003484500,Female,Black
1052.0,1999.0,,42003101900,Male,Black
230.0,1981.0,,42003101100,Male,White
1941.0,1995.0,,42003484300,Male,Black
1182.0,1987.0,,42003130600,Female,Black
1754.0,1994.0,,42003202200,Male,Black
340.0,1984.0,,42003561500,Male,Black
2027.0,1993.0,,42003523600,Male,Black
2240.0,1999.0,,42003563000,Male,Black
1359.0,1994.0,,42003551300,Male,Black
288.0,1993.0,,42003130600,Male,Black
2060.0,2000.0,,42003130200,Male,Black
793.0,1998.0,,42003560400,Male,Black
1021.0,2000.0,,42003561900,Male,Black
1469.0,2000.0,,42003080700,Male,Black
1387.0,1999.0,,42003101900,Male,Black
873.0,1993.0,,42003262000,Male,Black
1412.0,1991.0,,42003130700,Male,Black
1484.0,1987.0,,42003561500,Male,Black
1124.0,1991.0,,42003120300,Male,Black
1590.0,1995.0,,42003551200,Female,Black
890.0,1993.0,,42003130700,Male,Black
798.0,1997.0,,42003111400,Male,Black
1598.0,1999.0,,42003261400,Male,Black
1228.0,1998.0,,42003562500,Male,Black
566.0,1996.0,,42003509400,Male,Black
2258.0,1996.0,,42003281400,Male,Black
448.0,1987.0,,42003565100,Male,Black
1648.0,1996.0,,42003565200,Male,Black
1144.0,1994.0,,42003402000,Male,Black
955.0,1994.0,,42003111300,Male,Black
1337.0,1981.0,,42003050100,Male,Black
365.0,1981.0,,42003130600,Male,Black
865.0,1996.0,,42003562400,Male,Black
1609.0,2000.0,,42003514000,Male,Black
444.0,1996.0,,42003101900,Male,Black
1740.0,1993.0,,42003300100,Male,Black
1974.0,1999.0,,42003481000,Male,Black
2023.0,1989.0,,42003561500,Male,Black
466.0,1990.0,,42003552000,Male,Black
1447.0,1996.0,,42003509400,Male,Black
372.0,1989.0,,42003523400,Male,Black
810.0,1992.0,,42003020100,Female,Black
1897.0,1991.0,,42003050100,Male,Black
918.0,1985.0,,42003270300,Male,Black
882.0,1994.0,,42003130700,Male,Black
2106.0,1978.0,,42003120900,Female,Black
322.0,1992.0,2022.0,42003552100,Male,Black
223.0,1988.0,,42003130700,Male,Black
267.0,1988.0,,42003261400,Male,Black
1075.0,1998.0,,42003462600,Male,Black
1965.0,2002.0,,42003561400,Male,Black
822.0,1998.0,,42003130700,Male,Black
1262.0,2001.0,,42003130600,Male,Black
1315.0,1992.0,,42003120900,Male,Black
1057.0,1976.0,,42003513800,Female,Black
1816.0,1999.0,,42003562800,Male,Black
1071.0,1996.0,,42003562300,Male,Black
1042.0,1987.0,,42003513800,Female,Black
319.0,1979.0,,42003464400,Male,Black
2255.0,2005.0,,42003523501,Male,Black
418.0,1987.0,,42003523200,Male,Black
659.0,1997.0,,42003191100,Male,Black
2119.0,1994.0,,42003120900,Male,Black
2014.0,1995.0,,42003523400,Male,Black
2153.0,1998.0,,42003260200,Male,Black
686.0,1993.0,,42003462100,Female,Black
1985.0,1977.0,,42003486700,Male,Black
1474.0,2000.0,,42003488400,Male,Black
242.0,1984.0,,42003040200,Male,Black
109.0,1982.0,,42003562400,Male,Black
548.0,1983.0,,42003523200,Male,Black
2285.0,1997.0,,42003564400,Male,Black
1950.0,1988.0,,42003271600,Female,Black
647.0,1996.0,,42003499400,Male,Black
1493.0,1990.0,,42003110200,Male,Black
2212.0,1996.0,,42003111500,Male,Black
1381.0,1999.0,,42003300100,Male,Black
1224.0,1997.0,,42003500300,Male,White
1400.0,1997.0,,42003140500,Male,Black
884.0,1995.0,,42003271600,Male,Black
1932.0,2000.0,,42003130800,Male,Black
895.0,1991.0,,42003492800,Male,Black
1722.0,1999.0,,42003483800,Male,Black
713.0,1997.0,,42003271600,Male,Black
825.0,1987.0,,42003111300,Male,Black
2087.0,1985.0,,42003101900,Male,Black
1678.0,1999.0,,42003521302,Male,Black
1449.0,1998.0,,42003520002,Male,Black
425.0,1986.0,,42003101900,Male,Black
886.0,1994.0,,42003435000,Male,Black
381.0,1990.0,,42003523800,Male,Black
1254.0,1999.0,,42003050100,Male,Black
570.0,1983.0,,42003462600,Male,White
620.0,1981.0,,42003464300,Male,Black
1562.0,1993.0,,42003510000,Male,Black
997.0,1978.0,,42003509400,Male,Black
25.0,1989.0,,42003552200,Male,White
438.0,1987.0,,42003486700,Male,Black
1084.0,1995.0,,42003561500,Male,Black
2088.0,1994.0,,42003523400,Male,Black
1497.0,1994.0,,42003462600,Male,Black
2302.0,1997.0,,42003561400,Male,Black
1662.0,2002.0,,42003563000,Male,Black
194.0,1989.0,,42003514000,Male,Black
352.0,1994.0,,42003510000,Male,Black
175.0,1978.0,,42003111500,Male,Black
540.0,1991.0,,42003510000,Male,Black
1994.0,1989.0,,42003130600,Male,Black
962.0,1991.0,,42003508000,Female,Black
2084.0,2000.0,,42003130600,Male,Black
49.0,1993.0,,42003141400,Male,Black
2051.0,1971.0,,42003488200,Male,Black
106.0,1985.0,,42003418000,Female,White
1227.0,1988.0,,42003561400,Male,Black
133.0,1986.0,,42003463900,Male,Black
975.0,1993.0,,42003483800,Male,Black
1727.0,1980.0,,42003431500,Female,Black
1763.0,2004.0,,42003552000,Male,Black
995.0,1998.0,,42003564700,Male,Black
309.0,1995.0,,42003050100,Male,Black
351.0,1994.0,,42003478200,Male,White
899.0,1995.0,,42003271600,Male,Black
1954.0,2003.0,,42003030500,Male,Black
1083.0,2000.0,,42003515100,Male,Black
2188.0,1990.0,,42003050900,Female,Black
2169.0,2005.0,,42003120300,Male,Black
55.0,1978.0,,42003120300,Male,Black
2179.0,1989.0,,42003564500,Female,Black
932.0,1986.0,,42003290200,Male,White
1158.0,1990.0,,42003523300,Male,Black
469.0,1986.0,,42003290100,Male,Black
1778.0,1990.0,,42003519000,Male,Black
1464.0,1990.0,,42003513800,Male,Black
896.0,1991.0,,42003161000,Male,Black
506.0,1989.0,,42003101400,Male,Black
1422.0,1999.0,,42003561400,Male,Black
543.0,1992.0,,42003523502,Male,Black
1234.0,1979.0,2022.0,42003551900,Male,Black
917.0,1996.0,2022.0,42003492700,Female,Black
142.0,1986.0,,42003429600,Male,White
1200.0,1997.0,,42003130700,Male,Black
821.0,1986.0,,42003429600,Male,White
1220.0,1996.0,,42003290100,Male,Black
875.0,1998.0,2019.0,42003050100,Male,Black
1563.0,1992.0,,42003512000,Male,Black
93.0,1993.0,,42003492800,Male,Black
1082.0,1996.0,,42003160800,Male,Black
19.0,1993.0,,42003483800,Male,Black
1069.0,1983.0,,42003300100,Male,Black
1873.0,2001.0,,42003477300,Male,Black
58.0,1993.0,,42003040200,Male,Black
2008.0,2000.0,,42003120300,Male,Black
2046.0,1990.0,,42003290100,Male,Black
236.0,1988.0,,42003561500,Male,Black
1612.0,2002.0,,42003552000,Male,Black
497.0,1991.0,,42003130800,Male,Black
185.0,1981.0,,42003481000,Female,White
1736.0,1976.0,,42003488400,Female,Black
2275.0,1978.0,,42003561500,Female,Black
1394.0,1987.0,,42003564400,Male,Black
629.0,1999.0,,42003030500,Male,Black
852.0,1998.0,,42003161000,Male,White
573.0,1995.0,,42003300100,Male,Black
121.0,1993.0,,42003476100,Male,Black
46.0,1984.0,,42003565100,Male,Black
2057.0,1995.0,,42003562901,Female,Black
527.0,1996.0,,42003522000,Male,Black
471.0,1983.0,,42003101900,Male,Black
942.0,1992.0,,42003300100,Male,Black
923.0,1986.0,,42003281400,Male,Black
66.0,1990.0,,42003130600,Male,Black
1305.0,1989.0,,42003202200,Male,Black
952.0,1973.0,,42003130700,Male,Black
551.0,1982.0,,42003040200,Male,Black
1560.0,2001.0,,42003270800,Male,Black
231.0,1984.0,,42003523502,Male,Black
926.0,1991.0,2023.0,42003130800,Male,Black
2115.0,1976.0,,42003050100,Male,Black
1181.0,1988.0,,42003456001,Male,White
1797.0,2004.0,,42003010302,Male,Black
674.0,1992.0,,42003101900,Male,Black
1028.0,1974.0,,42003523100,Male,Black
2301.0,1995.0,,42003564700,Male,Black
1138.0,1992.0,,42003432300,Male,Black
225.0,1981.0,,42003462600,Male,Black
1936.0,1994.0,,42003130800,Male,Black
102.0,1989.0,,42003161000,Male,Black
1872.0,1994.0,,42003562400,Male,Black
675.0,1995.0,2019.0,42003487000,Female,Black
1921.0,1998.0,,42003462600,Female,Black
1961.0,2004.0,,42003508000,Male,Black
2247.0,2004.0,,42003510000,Female,Black
38.0,1988.0,,42129800700,Male,Black
1984.0,2000.0,,42003523800,Male,Black
1350.0,1996.0,,42003141200,Male,Black
1903.0,2000.0,,42003561900,Male,Black
2037.0,1987.0,,42003515401,Male,Black
2040.0,2004.0,,42003180300,Male,Black
1671.0,2005.0,,42003290400,Male,Black
1363.0,1982.0,,42003310200,Male,Black
1991.0,2004.0,,42003514000,Male,Black
2044.0,2004.0,,42003130700,Male,Black
1014.0,1996.0,,42003290400,Male,Black
1277.0,2000.0,,42003300100,Male,Black
1663.0,1987.0,,42003130800,Male,Black
293.0,1992.0,,42003050100,Male,Black
439.0,1989.0,,42003509400,Male,Black
1524.0,1998.0,,42003492900,Female,Black
813.0,1996.0,,42003050600,Male,Black
359.0,1974.0,,42003202200,Male,Black
1018.0,2000.0,,42003519000,Male,Black
1463.0,1996.0,,42003486700,Male,Black
1693.0,1998.0,,42003508000,Male,Black
2168.0,1992.0,,42003120900,Male,Black
1470.0,1999.0,,42003486800,Male,White
327.0,1985.0,,42003270100,Male,Black
1518.0,1987.0,,42003488200,Male,Black
1306.0,1995.0,,42003481000,Male,Black
28.0,1993.0,,42003130200,Female,Black
2002.0,2001.0,,42003463900,Male,Black
2218.0,1989.0,,42003120900,Male,Black
1446.0,1996.0,,42003101900,Male,Black
1818.0,1980.0,,42003270300,Male,Black
866.0,1988.0,,42003271600,Male,Black
1730.0,2004.0,,42003464400,Male,Black
1802.0,2003.0,,42003522000,Female,Black
1867.0,2005.0,,42003130700,Female,Black
218.0,1991.0,,42003111300,Male,Black
1588.0,1991.0,,42003509400,Male,Black
1309.0,1996.0,,42003192000,Male,Black
912.0,1988.0,,42003514000,Male,Black
1608.0,1992.0,,42003250900,Male,Black
436.0,1990.0,,42003281400,Male,Black
609.0,1994.0,,42003111500,Male,Black
1502.0,2003.0,,42003050600,Male,Black
30.0,1988.0,,42003552300,Male,Black
256.0,1974.0,,42003080200,Male,White
495.0,1992.0,,42003488600,Male,Black
274.0,1991.0,,42003270300,Female,Black
1808.0,1991.0,,42003483800,Male,Black
1127.0,1997.0,,42003561500,Male,Black
1159.0,1989.0,,42003290200,Male,Black
141.0,1992.0,,42003261400,Male,Black
2267.0,1989.0,,42003130600,Male,Black
1799.0,2003.0,,42003161000,Male,Black
1393.0,2002.0,,42003486700,Male,Black
1498.0,2002.0,,42003512000,Male,Black
424.0,1991.0,,42003521302,Male,Black
1964.0,1990.0,,42003562500,Male,Black
26.0,1987.0,,42003552400,Male,White
736.0,1989.0,,42003300100,Male,Black
2015.0,2000.0,,42003478100,Male,Black
78.0,1991.0,2019.0,42003241300,Male,Black
1185.0,1993.0,,42003130600,Male,Black
577.0,1993.0,,42003564700,Male,Black
2085.0,2001.0,,42003509400,Female,Black
257.0,1994.0,,42003462600,Male,Black
476.0,1995.0,,42003561400,Male,Black
1890.0,2005.0,,42003130600,Male,Black
872.0,1989.0,,42003161000,Male,Black
939.0,1967.0,,42003416000,Male,Black
1088.0,1990.0,,42003486700,Male,Black
1239.0,1997.0,,42003261500,Female,Black
634.0,1985.0,2019.0,42003509400,Male,White
546.0,1988.0,2023.0,42003523200,Male,Black
387.0,1987.0,,42003261400,Male,Black
1828.0,1956.0,,42003562300,Female,Black
1080.0,1992.0,,42003560400,Male,Black
1221.0,1993.0,,42003484600,Male,Black
318.0,1988.0,,42003513800,Male,Black
1099.0,1995.0,,42003111300,Male,Black
2042.0,1991.0,,42003180300,Male,Black
51.0,1980.0,,42003130700,Female,Black
776.0,1987.0,,42003481000,Male,Black
502.0,1992.0,,42003562400,Male,Black
1319.0,2000.0,,42003561900,Male,Black
2239.0,1994.0,,42129802200,Male,Black
745.0,1973.0,,42003551200,Male,Black
1399.0,2001.0,,42003101900,Male,Black
974.0,1999.0,,42003504100,Male,Black
1365.0,1980.0,,42003130800,Female,Black
1015.0,1989.0,,42003420000,Male,Black
687.0,1995.0,,42003509400,Male,Black
1428.0,2001.0,,42003523200,Male,Black
773.0,1992.0,,42003561400,Male,Black
227.0,1989.0,,42003403500,Male,Black
2069.0,2004.0,,42003160800,Male,Black
1908.0,2004.0,,42003521301,Male,Black
147.0,1988.0,,42003523701,Male,Black
371.0,1988.0,,42003250900,Male,Black
2157.0,1996.0,,42003551200,Female,Black
1705.0,2000.0,,42003170600,Male,Black
12.0,1987.0,2018.0,42003561400,Male,Black
830.0,1992.0,,42003050900,Male,Black
1764.0,1994.0,,42003484300,Male,Black
1038.0,1984.0,,42003191600,Male,White
1940.0,1995.0,,42003130800,Male,Black
14.0,1990.0,2020.0,42003192000,Male,Black
1006.0,1994.0,,42003462600,Male,White
845.0,1991.0,,42003271600,Male,Black
717.0,1995.0,,42003462600,Male,Black
188.0,1977.0,,42003431100,Male,Black
97.0,1984.0,,42003488500,Male,Black
241.0,1983.0,,42003507000,Male,White
887.0,1988.0,,42003563000,Female,Black
409.0,1989.0,,42003463900,Male,Black
2229.0,2002.0,,42003504100,Male,Black
1540.0,1997.0,,42003522000,Male,Black
1292.0,1997.0,,42003111300,Male,Black
54.0,1981.0,,42003552300,Male,Black
849.0,1992.0,2019.0,42003565200,Male,Black
867.0,1991.0,,42003561900,Male,Black
1564.0,1965.0,,42003550900,Female,Black
741.0,1986.0,,42049002600,Male,Black
470.0,1979.0,,42003486700,Male,Black
2063.0,2000.0,,42003492900,Female,Black
1131.0,1993.0,,42003523300,Male,Black
604.0,1990.0,,42003050900,Male,Black
977.0,1988.0,2022.0,42003486900,Male,Black
1293.0,1995.0,,42003260700,Male,Black
1117.0,1993.0,,42003140800,Male,White
2273.0,1997.0,,42003415001,Male,Black
2036.0,2003.0,,42003550900,Male,Black
841.0,1981.0,,42085032900,Male,White
1822.0,2003.0,,42003565200,Male,Black
881.0,1993.0,,42003475301,Male,Black
134.0,1970.0,2015.0,42003453004,Male,White
1437.0,2001.0,,42003488600,Male,Black
1626.0,2001.0,,42003521301,Male,Black
1385.0,1993.0,,42003564700,Male,Black
1188.0,1984.0,,42003526202,Male,Black
483.0,1983.0,,,Male,Black
1294.0,1987.0,,42003468800,Male,Black
1219.0,1997.0,,42003521301,Male,Black
2077.0,2000.0,,42003552400,Male,Black
1475.0,2002.0,,42003050100,Male,Black
1837.0,1986.0,,42003562500,Male,Black
1473.0,2001.0,,42003462600,Female,Black
2206.0,2002.0,,42003562400,Male,Black
1765.0,2002.0,,42003515100,Male,Black
909.0,1995.0,,42003130700,Male,Black
24.0,1988.0,,42003415001,Male,White
355.0,1984.0,,42003191500,Female,Black
197.0,1970.0,,42003562300,Male,Black
1198.0,1992.0,,42003552400,Male,Black
329.0,1980.0,,42003477200,Male,White
542.0,1992.0,,42003130600,Male,Black
857.0,1986.0,,42003120300,Male,Black
1547.0,1993.0,,42003130700,Male,Black
1109.0,1985.0,,42003300100,Male,Black
889.0,1996.0,,42003202200,Male,Black
505.0,1976.0,,42003523501,Male,Black
829.0,1984.0,,42003300100,Male,Black
740.0,1993.0,,42003499300,Male,Black
578.0,1989.0,,42003050600,Male,Black
335.0,1978.0,,42003421200,Male,Black
2103.0,2000.0,,42003561400,Male,Black
317.0,1980.0,2019.0,42003120300,Male,Black
690.0,1989.0,,42003160800,Male,Black
1495.0,1995.0,,42003161000,Female,Black
107.0,1990.0,,42003271600,Male,White
258.0,1992.0,,42003050600,Male,Black
1331.0,1995.0,,42003478200,Female,Black
170.0,1991.0,,42003407002,Male,White
1999.0,2000.0,,42003050900,Male,Black
264.0,1983.0,,42003552100,Male,Black
1721.0,2002.0,,42003110200,Male,
2041.0,1997.0,,42003472100,Male,Black
369.0,1984.0,,42003561500,Male,Black
960.0,1983.0,,42003523400,Male,Black
1002.0,1976.0,,42003482500,Male,Black
1481.0,1987.0,,42003130600,Male,Black
2142.0,2001.0,,42003561500,Male,Black
2256.0,2002.0,,42003120900,Male,Black
1232.0,2001.0,,42003101900,Male,Black
143.0,1981.0,,42003492800,Male,Black
1360.0,1996.0,,42003051000,Male,Black
1270.0,1973.0,,42003515100,Male,Black
529.0,1988.0,,42129801500,Male,White
1879.0,1980.0,,42003563900,Male,Black
181.0,1984.0,,42003484500,Male,White
70.0,1986.0,,42003261500,Male,Black
1796.0,1988.0,,42003485000,Male,Black
1665.0,1987.0,,42003562700,Female,Black
200.0,1991.0,,42003192000,Male,Black
945.0,1989.0,,42003290400,Female,Black
1095.0,1992.0,,42003403500,Male,White
559.0,1990.0,,42003432400,Male,Black
88.0,1981.0,,42003513800,Male,Black
294.0,1990.0,,42003475301,Male,White
1314.0,2000.0,,42003111500,Male,Black
1494.0,1996.0,,42003191700,Male,Black
403.0,1990.0,,42003488600,Male,Black
1849.0,1958.0,,42003504100,Male,Black
1137.0,1993.0,,42003050100,Male,Black
2141.0,2001.0,,42003522000,Male,Black
287.0,1986.0,,42003450700,Female,Black
676.0,1986.0,,42003130700,Male,Black
122.0,1979.0,,42003191700,Male,Black
838.0,1988.0,,42003271600,Male,Black
1697.0,2000.0,,42003300100,Male,Black
883.0,1975.0,,42003462600,Male,White
296.0,1985.0,,42003130800,Male,Black
1235.0,1992.0,,42003130700,Male,Black
1207.0,1998.0,,42003462600,Male,Black
463.0,1982.0,,42003020100,Male,White
699.0,1980.0,,42003427200,Male,Black
244.0,1984.0,,42003499300,Male,Black
951.0,1990.0,,42003523200,Male,Black
803.0,1991.0,,42003130700,Male,Black
1145.0,1991.0,,42003504100,Male,Black
618.0,1996.0,,42003523701,Male,Black
833.0,1990.0,,42003261400,Male,Black
389.0,1987.0,2021.0,42003509400,Male,Black
749.0,1994.0,,42003130800,Male,Black
598.0,1973.0,,42003510000,Male,Black
695.0,1972.0,,42003564700,Male,Black
1094.0,1972.0,,42003561400,Male,Black
2173.0,1977.0,,42003515100,Male,Black
623.0,1980.0,,42003432300,Male,White
499.0,1979.0,,42003427100,Female,Black
22.0,1984.0,,42003552300,Male,Black
782.0,1987.0,,42003130600,Male,Black
2165.0,1992.0,,42003565200,Male,Black
2092.0,2000.0,,42003050600,Female,Black
613.0,1986.0,,42003523100,Male,Black
1907.0,1978.0,,42003120900,Female,Black
2049.0,1993.0,,42003523100,Male,Black
648.0,1988.0,,42003050600,Male,Black
1429.0,1994.0,,42003120900,Male,White
519.0,1982.0,,42003271600,Male,Black
1143.0,1991.0,,42003401200,Male,Black
1003.0,1978.0,,42003271600,Male,Black
767.0,1994.0,,42003521302,Male,Black
1839.0,1989.0,,42003514000,Male,Black
1670.0,1994.0,,42003241300,Male,Black
361.0,1992.0,,42003560400,Male,Black
874.0,1987.0,,42003523200,Male,Black
1791.0,1992.0,,42003486800,Male,Black
482.0,1979.0,,42003513800,Male,Black
624.0,1994.0,,42003514000,Male,Black
486.0,1983.0,,42003120300,Male,Black
517.0,1990.0,,42003050900,Male,Black
1092.0,1990.0,,,Male,Black
277.0,1988.0,2022.0,42003563800,Male,White
308.0,1975.0,,42003483800,Male,Black
993.0,1996.0,,42129800700,Male,Black
2071.0,1995.0,,42003051100,Male,Black
638.0,1987.0,,42003290100,Male,Black
584.0,1989.0,,42003010302,Male,Black
166.0,1986.0,,42003300100,Male,Black
1246.0,1991.0,,42007605700,Male,Black
316.0,1982.0,,42003130800,Male,Black
1247.0,1985.0,,42003561500,Male,Black
146.0,1984.0,,42003120900,Male,Black
405.0,1968.0,,42003492800,Male,Black
630.0,1987.0,,42003521100,Male,Black
330.0,1991.0,,42003300100,Male,Black
733.0,1975.0,,42003401200,Male,Black
87.0,1978.0,,42003564700,Male,Black
180.0,1986.0,,42003564800,Male,Black
468.0,1983.0,,42003050600,Male,Black
696.0,1993.0,,42003464400,Male,Black
193.0,1979.0,,42129803501,Male,Black
34.0,1985.0,,42013100400,Male,Black
127.0,1989.0,,42003561400,Male,Black
80.0,1987.0,,42003523501,Male,Black
1196.0,1985.0,,42003523702,Male,Black
312.0,1974.0,,42003523300,Male,Black
1444.0,1987.0,,42003486800,Male,Black
1806.0,2000.0,,42003523600,Male,Black
1884.0,1992.0,,42003523502,Male,Black
1459.0,1986.0,,42003523501,Male,Black
216.0,1987.0,,42003562600,Male,Black
684.0,1983.0,,42003101900,Male,Black
564.0,1985.0,2022.0,42003261300,Male,Black
1170.0,1987.0,,42003551200,Male,Black
1284.0,1998.0,,42003111500,Male,Black
413.0,1994.0,,42003552100,Male,Black
2021.0,1998.0,,42003111300,Male,Black
1546.0,1986.0,,42003515300,Male,Black
819.0,1977.0,,42003513000,Male,Black
481.0,1988.0,,42003561500,Male,Black
971.0,1984.0,,42003486900,Male,Black
2054.0,2000.0,,42003300100,Male,Black
550.0,1985.0,,42003271600,Male,Black
1047.0,1990.0,,42003552300,Male,Black
828.0,1991.0,,42003140100,Male,White
198.0,1989.0,,42003552200,Female,Black
820.0,1998.0,,42003468800,Male,Black
35.0,1991.0,,42003130600,Male,Black
851.0,1986.0,,42003514000,Male,Black
815.0,1993.0,,42003561900,Male,Black
1579.0,1993.0,,42003514000,Male,Black
869.0,1987.0,,42003561500,Male,Black
1.0,1992.0,,42003564700,Male,Black
562.0,1979.0,,42003130600,Male,Black
195.0,1990.0,2024.0,42003524000,Male,White
313.0,1990.0,,42003562600,Female,Black
1336.0,1992.0,2024.0,42003151700,Male,Black
1163.0,1991.0,,42003492800,Male,Black
627.0,1988.0,,42003262000,Male,Black
799.0,1991.0,,42003030500,Male,Black
910.0,1991.0,,42003564800,Male,Black
681.0,1989.0,,42003130700,Male,Black
795.0,1989.0,,42003050100,Male,Black
99.0,1991.0,,42003130200,Male,Black
1405.0,1994.0,,42003101800,Male,Black
1212.0,1980.0,,42003101900,Male,Black
1942.0,1990.0,,42003424000,Male,Black
649.0,1984.0,,42003483800,Male,Black
1993.0,1973.0,,42003040200,Female,Black
245.0,1992.0,,42003050100,Male,Black
612.0,1980.0,,42003271600,Male,Black
398.0,1989.0,,42003491200,Male,Black
1213.0,1992.0,,42003523200,Male,Black
174.0,1987.0,,42003080900,Male,Black
1214.0,1992.0,,42003160800,Male,Black
651.0,1990.0,,42003512000,Male,Black
1102.0,1969.0,,42003515300,Female,Black
600.0,1993.0,2022.0,42003483800,Male,Black
515.0,1982.0,,42003550900,Male,Black
1729.0,1999.0,,42003515100,Male,Black
847.0,1982.0,,42003564400,Male,Black
10.0,1989.0,,42003010302,Male,Black
431.0,1986.0,,42003507000,Male,Black
168.0,1985.0,,42003564700,Male,Black
1525.0,1989.0,,42003504100,Male,Black
574.0,1980.0,,42003484300,Male,Black
1634.0,1992.0,,42007604100,Male,Black
422.0,1991.0,,42003130700,Male,Black
1990.0,1994.0,,42003561400,Male,Black
603.0,1990.0,,42003090100,Female,Black
694.0,1993.0,,42129805200,Male,Black
158.0,1972.0,,42003561900,Male,Black
936.0,1991.0,,42003509400,Male,Black
272.0,1990.0,,42003515100,Male,Black
68.0,1985.0,,42003111500,Male,Black
722.0,1989.0,,42003464400,Male,Black
451.0,1974.0,,42003564700,Male,Black
473.0,1985.0,,42003461000,Male,White
665.0,1989.0,,42129800600,Male,White
48.0,1988.0,,42003130200,Male,Black
1236.0,1988.0,,42003492700,Male,Black
1568.0,1998.0,,42003523200,Female,Black
269.0,1988.0,,42003561400,Male,Black
801.0,1989.0,,42059970501,Male,White
1348.0,1992.0,,42003481000,Male,Black
1825.0,1993.0,,42003562300,Male,Black
2160.0,1984.0,,42003130800,Male,Black
870.0,1993.0,,42003130700,Male,Black
526.0,1977.0,2023.0,42003426300,Male,White
806.0,1990.0,,42003478200,Male,Black
1151.0,1997.0,,42003250900,Male,Black
739.0,1986.0,,42003563000,Male,Black
240.0,1974.0,,42003515300,Male,Black
708.0,1991.0,,42003561900,Male,Black
1081.0,1978.0,,42003488200,Female,Black
535.0,1995.0,,42003562300,Male,Black
1726.0,1964.0,,42003552200,Male,Black
590.0,1978.0,,42003561400,Male,Black
705.0,1995.0,,42003550900,Male,Black
213.0,1972.0,,42003565200,Male,Black
454.0,1978.0,,42003484500,Male,Black
1901.0,1992.0,,42003523701,Male,Black
1269.0,1992.0,,42003564800,Male,Black
1576.0,1982.0,,42003180700,Male,White
153.0,1984.0,,42003499400,Male,Black
504.0,1985.0,,42003271600,Male,Black
1152.0,1986.0,,42003501000,Male,Black
280.0,1987.0,,42003120900,Male,Black
1113.0,1990.0,,42003202200,Male,Black
350.0,1970.0,,42003130600,Male,Black
1108.0,1978.0,,42003476200,Male,White
467.0,1989.0,,42003563000,Male,Black
94.0,1973.0,,42003562600,Male,Black
455.0,1979.0,,42003260700,Male,Black
2052.0,1980.0,,42003552100,Male,Black
992.0,1989.0,,42003552300,Male,Black
1618.0,1997.0,,42003564700,Male,Black
1296.0,2001.0,,42003523300,Male,Black
204.0,1990.0,,42003261500,Male,Black
224.0,1987.0,,42003510000,Male,Black
27.0,1987.0,,42003130200,Male,Black
588.0,1991.0,,42003492800,Male,Black
2295.0,1983.0,,42003551200,Male,Black
1652.0,1991.0,,42003561400,Male,Black
1297.0,1962.0,,42003562600,Male,Black
113.0,1987.0,,42003564400,Male,Black
128.0,1981.0,,42003564700,Female,Black
416.0,1970.0,,42003523501,Male,Black
660.0,1985.0,,42125746100,Female,Other
151.0,1968.0,2020.0,42003564200,Male,White
1732.0,1991.0,,42003290100,Male,Black
130.0,1974.0,,42003513000,Male,Black
1210.0,1982.0,,42003508000,Male,Black
1793.0,1979.0,,42003560400,Male,Black
1759.0,1995.0,,42003550900,Male,Black
1912.0,1984.0,,42003561500,Female,Black
537.0,1995.0,2019.0,42003483800,Male,Black
1364.0,1979.0,,42003120300,Male,Black
1621.0,1989.0,,42129802200,Male,Black
1927.0,1995.0,,42003120300,Male,Black
508.0,1990.0,,42003050600,Male,Black
1032.0,1995.0,,42003550900,Female,Black
569.0,1970.0,,42003513800,Male,Black
685.0,1989.0,,42003191700,Male,Black
1372.0,1978.0,,42003561500,Male,Black
880.0,1981.0,,42003521500,Male,White
1476.0,1983.0,,42003130700,Male,Black
727.0,1993.0,,42003261400,Male,Black
1632.0,1993.0,,42003050100,Male,Black
639.0,1987.0,,42003403500,Male,Black
1318.0,1994.0,,42003130800,Male,Black
124.0,1988.0,,42003462100,Male,White
243.0,1987.0,,42003560400,Male,Black
265.0,1975.0,,42003564700,Male,Black
111.0,1977.0,,42003111500,Male,Black
1532.0,1977.0,,42003564700,Male,Black
1631.0,1989.0,,42003480101,,White
868.0,1984.0,,42003523100,Male,Black
544.0,1964.0,,42003130600,Male,Black
863.0,1979.0,,42003563100,Male,White
347.0,1989.0,,42003290100,Male,Black
689.0,1980.0,2021.0,42003130600,Male,Black
2307.0,1985.0,,42003462600,Male,Black
456.0,1987.0,,42003488400,Male,Black
744.0,1986.0,,42003523400,Female,Black
1029.0,1977.0,,42003562300,Male,Black
1034.0,1980.0,,42003483800,Male,Black
212.0,1984.0,,42003523501,Male,Black
297.0,1986.0,,42003481000,Male,White
792.0,1990.0,,42003523300,Male,Black
641.0,1990.0,,42003482500,Male,Black
300.0,1990.0,,42003130600,Male,Black
64.0,1977.0,,42003523600,Male,Black
691.0,1985.0,,42003523200,Male,Black
310.0,1983.0,,42003526302,Male,Black
349.0,1984.0,2018.0,42003563202,Male,White
1450.0,1980.0,,42003271600,Male,Black
1058.0,1979.0,,42003560400,Male,Black
490.0,1980.0,2021.0,42003469000,Female,White
475.0,1986.0,,42003271600,Male,White
96.0,1967.0,,42003516200,Male,Black
474.0,1978.0,,42003050100,Male,Black
390.0,1979.0,,42003513800,Male,Black
399.0,1982.0,,42003101900,Male,Black
702.0,1969.0,,42003523702,Male,Black
239.0,1976.0,,42003562300,Female,Black
791.0,1975.0,,42003130800,Female,Black
2029.0,1967.0,,42003513800,Female,Black
1771.0,1998.0,,42003260200,Male,Black
1349.0,1977.0,,42003260200,Male,Black
189.0,1991.0,,42003120900,Male,Black
1461.0,1981.0,2023.0,42003271600,Male,Black
1413.0,2003.0,,42003429202,Male,White
2025.0,2004.0,,42003513000,Male,Black
1486.0,1995.0,,42003522000,Male,Black
491.0,1989.0,,42003523501,Male,Black
2109.0,1976.0,,42003552200,Male,Black
902.0,1990.0,,42003270800,Male,Black
1355.0,1977.0,,42003130700,Male,Black
1910.0,1993.0,,42003030500,Male,Black
1452.0,1955.0,,42003499400,Female,White
487.0,1984.0,,42003161000,Male,Black
1627.0,1978.0,,42003130700,Male,Black
908.0,1975.0,,42003050100,Male,Black
235.0,1984.0,,42003161000,Male,Black
234.0,1977.0,,42003463900,Male,Black
1276.0,1980.0,,42003561400,Male,Black
1888.0,1981.0,,42003562500,Male,Black
260.0,1970.0,,42003504100,Male,Black
777.0,1989.0,,42049000100,Male,Black
1614.0,1989.0,,42003060500,Male,Black
1500.0,1985.0,,42003510000,Male,Black
961.0,1980.0,2023.0,42129800600,Male,Black
1343.0,1981.0,,42003120900,Male,Black
1826.0,1969.0,,42003130600,Female,Black
320.0,1970.0,,42003513000,Male,Black
1090.0,1970.0,,42003515200,Male,Black
4.0,1982.0,,42003130700,Male,Black
878.0,1997.0,,42003552300,Male,Black
761.0,1974.0,,42003120900,Male,Black
426.0,1992.0,,42003478200,Male,Black
2279.0,2007.0,,42003120900,Male,Black
190.0,1990.0,,42003130800,Male,Black
262.0,1988.0,2016.0,42003130800,Male,Black
1519.0,1989.0,,42003552000,Male,Black
763.0,1991.0,,42003403500,Male,White
528.0,1989.0,,42003562300,Male,Black
1696.0,1989.0,,42003426300,Male,White
1749.0,1991.0,,42003514000,Male,Black
789.0,1989.0,2022.0,42003563900,Male,Black
861.0,1987.0,,42003260200,Male,Black
1443.0,1989.0,,42003111500,Male,Black
268.0,1982.0,,42003504100,Male,Black
395.0,1984.0,,42003120300,Male,Black
653.0,1992.0,,,Male,Black
1120.0,1989.0,,42003192000,Male,White
367.0,1991.0,,42003523400,Male,Black
152.0,1986.0,,42003486800,Male,Black
179.0,1991.0,,42003465600,Male,Black
31.0,1989.0,,42003564500,Male,White
1565.0,1981.0,,42003111300,Male,Black
199.0,1991.0,,42003516200,Male,Black
2034.0,1989.0,,42003111300,Male,Black
183.0,1987.0,,42003515401,Male,Black
582.0,1990.0,,42003130200,Male,Black
215.0,1992.0,,42003564700,Male,Black
714.0,1993.0,,42003552400,Male,Black
388.0,1994.0,,42003300100,Male,Black
1183.0,1993.0,,42003110600,Male,Black
772.0,1980.0,,42003510000,Female,Black
15.0,1981.0,,42003523400,Male,Black
1328.0,1987.0,,42003130600,Female,Black
306.0,1991.0,,42003261300,Male,Black
1264.0,1989.0,,42003561500,Male,Black
599.0,1986.0,,42003110200,Male,Black
1491.0,2001.0,,42003563000,Male,Black
1431.0,1996.0,,42003202200,Male,Black
1398.0,1982.0,,42003130700,Male,Black
667.0,1979.0,,42003430100,Male,Black
1960.0,1972.0,,42003050600,Male,Black
384.0,1984.0,,42003562500,Male,Black
337.0,1986.0,,42003051000,Male,Black
1347.0,1980.0,2024.0,42003202300,Male,Black
1887.0,1990.0,,42003551200,Male,Black
458.0,1994.0,,42003562600,Male,Black
496.0,1990.0,,42003523600,Male,Black
1043.0,1991.0,,42003483800,Male,Black
940.0,1996.0,,42003070500,Male,Black
2282.0,1985.0,,42003523100,Male,Black
1800.0,2002.0,,42003565200,Male,Black
1585.0,2004.0,,42003565200,Female,Black
1126.0,1996.0,,42003130700,Male,Black
516.0,1984.0,,42003161000,Male,White
201.0,1985.0,,42003560400,Male,Black
383.0,1981.0,,42003271600,Male,Black
781.0,1974.0,,42003120300,Male,Black
1635.0,1999.0,,42003271600,Female,Black
1208.0,1986.0,,42003515300,Female,White
105.0,1970.0,,42003020100,Male,Black
1510.0,2000.0,,42003513000,Male,Black
2056.0,1998.0,,42003564700,Male,Black
625.0,1991.0,,42003510000,Male,Black
100.0,1992.0,,42003111500,Male,Black
2231.0,1988.0,,42003130800,Male,Black
677.0,1982.0,,42003462600,Male,Black
131.0,1990.0,,42003431100,Male,Black
82.0,1983.0,2015.0,42003508000,Male,Black
1772.0,1987.0,,42003486700,Male,Black
311.0,1991.0,,42007604000,Male,Black
619.0,1990.0,,42003524000,Male,Black
2148.0,1978.0,,42003514000,Male,Black
159.0,1988.0,,42003523702,Male,Black
266.0,1980.0,,42003300100,Male,Black
1944.0,1992.0,,42003510000,Female,Black
1251.0,1987.0,,42003523100,Male,Black
1202.0,1992.0,,42003130700,Male,Black
397.0,1987.0,,42003561900,Male,Black
1156.0,1989.0,,42003561500,Male,Black
678.0,1969.0,,42003562400,Male,Black
1840.0,1993.0,,42003520002,Female,Black
1642.0,2001.0,,42003523200,Male,Black
363.0,1978.0,,42003492700,Male,Black
273.0,1972.0,,42003051000,Male,Black
2246.0,1991.0,,42003468700,Female,Black
853.0,1992.0,2020.0,42003562500,Male,Black
449.0,1990.0,,42003111300,Male,Black
1707.0,1988.0,,42003513800,Female,Black
755.0,1992.0,,42003120900,Male,Black
1012.0,1979.0,,42003562300,Male,White
753.0,1993.0,,42003130800,Male,Black
980.0,1990.0,,42003504100,Male,Black
1883.0,1999.0,,42003483800,Male,Black
1659.0,1999.0,,42003486900,Female,Black
2058.0,1990.0,,42003508000,Male,Black
597.0,1994.0,2018.0,42003050600,Male,Black
1060.0,1998.0,,42003120900,Male,Black
1934.0,1975.0,,42003563000,Female,Black
1087.0,1976.0,,42003463900,Male,Black
433.0,1982.0,,42003290400,Male,Black
108.0,1985.0,,42003509400,Male,Black
1259.0,1984.0,,42003111500,Male,Black
50.0,1986.0,,42003496101,Male,White
1001.0,1984.0,2020.0,42003461000,Male,White
299.0,1992.0,,42003561400,Male,Black
1177.0,1990.0,,42003523501,Male,Black
415.0,1976.0,,42003560400,Male,Black
1909.0,1975.0,,42003514000,Male,Black
435.0,1981.0,,42085033400,Male,Black
357.0,1979.0,,42085030900,Male,Black
1605.0,2003.0,,42003281400,Male,Black
1118.0,2001.0,,42003552300,Male,Black
1835.0,2000.0,,42003565100,Female,Black
775.0,1998.0,,42003450700,Male,Black
950.0,1998.0,,42003431100,Male,Black
712.0,1993.0,,42003551900,Male,Black
1169.0,1999.0,,42003523300,Male,Black
1317.0,1993.0,,42003523200,Male,Black
2249.0,2005.0,,42003202200,Male,Black
2234.0,1974.0,,42003130700,Male,Black
1956.0,2001.0,,42003486800,Male,Black
1702.0,2002.0,,42003475304,Male,Black
937.0,2000.0,,42003483800,Male,Black
326.0,1991.0,,42003561400,Male,Black
1078.0,2001.0,,42003564800,Male,Black
2215.0,2004.0,,42003130800,Male,Black
1929.0,1994.0,,42003523501,Male,Black
2045.0,1996.0,,42003515200,Female,Black
1583.0,2004.0,,42003051000,Male,Black
771.0,1992.0,,42003130700,Male,Black
1943.0,1994.0,,42003262000,Male,Black
2288.0,1983.0,,42003510000,Male,White
1715.0,2000.0,,42003130600,Female,Black
1376.0,2001.0,,42003101900,Male,Black
707.0,1993.0,,42003463900,Male,Black
816.0,1993.0,,42003561400,Male,Black
759.0,1996.0,,42003486900,Male,Black
1552.0,2004.0,,42003130700,Male,Black
1668.0,2004.0,,42003508000,Male,Black
1303.0,1989.0,,42003492900,Male,Black
1838.0,2004.0,,42003509400,Male,Black
1139.0,1995.0,,42003487000,Male,Black
1357.0,1989.0,,42003281400,Male,Black
511.0,1994.0,,42003281400,Male,Black
1549.0,1999.0,,42003504100,Male,Black
2.0,1997.0,,42003523501,Male,Black
1426.0,1993.0,,42003120900,Male,Black
52.0,1987.0,,42003101900,Male,Black
79.0,1979.0,,42003521302,Male,Black
1403.0,2003.0,,42003101400,Male,Black
1035.0,1992.0,,42003562500,Male,Black
1322.0,1999.0,,42003523702,Male,Black
1009.0,1996.0,,42003564800,Male,Black
1321.0,2003.0,,42003523501,Male,Black
835.0,1996.0,,42003523600,Male,Black
1488.0,1997.0,,42003300100,Male,Black
692.0,1990.0,,42003486900,Male,Black
1478.0,1991.0,,42003130700,Male,Black
1487.0,1988.0,,42003130600,Male,Black
1404.0,1993.0,,42003492700,Male,Black
507.0,1994.0,,42003561400,Male,Black
2260.0,2004.0,,42003488100,Male,Black
2208.0,2005.0,,42003130600,Male,Black
2235.0,1993.0,,42003521302,Male,Black
913.0,1991.0,,42003564700,Male,Black
1535.0,1995.0,,42003401100,Male,Black
429.0,1988.0,,42003429700,Male,Black
1067.0,1992.0,,42003523200,Male,Black
1676.0,2004.0,,42003512000,Female,Black
2237.0,2001.0,,42003523702,Female,Black
1295.0,1996.0,,42003523600,Male,Black
843.0,1997.0,,42003050100,Male,Black
1817.0,1992.0,,42049011101,Male,Black
549.0,1989.0,,42003561900,Male,Black
1947.0,1998.0,,42003160900,Female,Black
2013.0,1999.0,,42003492800,Male,Black
211.0,1992.0,,42003401200,Male,White
1892.0,2003.0,,42003463900,Male,Black
1788.0,2004.0,,42003489001,Male,Black
450.0,1993.0,,42003429700,Male,Black
1719.0,2000.0,,42003481000,Male,Black
2108.0,1997.0,,42003552000,Male,Black
18.0,1978.0,,42003523300,Male,Black
2143.0,2005.0,,42003512000,Female,Black
1920.0,1994.0,,42003520001,Female,Black
126.0,1992.0,,42003565200,Male,Black
1874.0,1993.0,,42003552300,Male,Black
1030.0,1998.0,,42003565300,Male,White
1785.0,2002.0,,42003130700,Male,Black
1191.0,1993.0,,42125795800,Male,Black
1373.0,1985.0,,42003564700,Male,Black
784.0,1998.0,,42003464400,Male,Black
790.0,1981.0,,42003561400,Male,Black
931.0,1994.0,,42003523400,Male,Black
1536.0,2001.0,,42003514000,Male,Black
2182.0,1990.0,,42003462600,Male,Black
721.0,1994.0,,42003261500,Male,Black
1033.0,1992.0,,42003111300,Male,Black
1820.0,1999.0,,42003120300,Male,Black
698.0,1992.0,,42003514000,Male,Black
1980.0,1987.0,,42003523200,Male,Black
341.0,1988.0,,42007605600,Male,White
610.0,1994.0,,42003130600,Male,Black
1741.0,1993.0,,42003514000,Female,Black
989.0,1998.0,2024.0,42003180700,Male,Black
2241.0,1996.0,,42003261500,Male,Black
2223.0,2006.0,,42003552100,Male,Black
1728.0,2001.0,,42003170600,Male,Black
1891.0,2003.0,,42003523100,Male,Black
1215.0,2001.0,,42003040200,Male,Black
1567.0,2003.0,,42003523600,Male,Black
1266.0,1995.0,2021.0,42003561500,Male,Black
2245.0,1993.0,,42003481000,Male,Black
1815.0,1998.0,,42003180300,Male,Black
512.0,1994.0,,42003111400,Female,Black
2080.0,1998.0,,42003484300,Male,Black
1686.0,2004.0,,42003523702,Male,Black
1112.0,1990.0,,42003523800,Male,Black
991.0,1977.0,,42003484500,Male,White
1856.0,1993.0,2023.0,42003561400,Male,Black
117.0,1992.0,,42003496102,Male,Black
1812.0,2003.0,,42003496200,Male,Black
640.0,1990.0,,42003523702,Male,Black
1005.0,1995.0,,42003509400,Female,White
854.0,1992.0,,42003515100,Male,Black
1432.0,2000.0,,42003523100,Male,Black
2136.0,2003.0,,42003130700,Male,Black
129.0,1985.0,,42003551200,Male,Black
2082.0,1991.0,,42003561500,Female,Black
1010.0,1989.0,,42003261500,Male,Black
1624.0,2003.0,,42003564700,Male,Black
6.0,1985.0,,42129805200,Male,Black
2126.0,1998.0,,42003561400,Male,Black
1123.0,1991.0,,42003060300,Female,Black
1390.0,2000.0,,42003462600,Male,Black
1698.0,2004.0,,42003250900,Male,Black
981.0,1993.0,,42003261500,Male,Black
1023.0,1999.0,,42003509400,Male,Black
1377.0,1991.0,,42003101900,Male,Black
1694.0,2003.0,,42003552000,Male,Black
414.0,1995.0,,42003552300,Male,Black
2287.0,1995.0,,42003100500,Male,Black
2211.0,1980.0,,42129802700,Male,Black
893.0,1984.0,,42003523100,Male,Black
1167.0,1993.0,,42003492800,Male,Black
560.0,1977.0,,42003290400,Male,Black
1745.0,2001.0,,42003552300,Male,Black
914.0,1988.0,,42003100500,Male,Black
1926.0,2002.0,,42003290400,Male,Black
2162.0,2004.0,,42003290100,Male,Black
2205.0,2003.0,,42003486900,Male,Black
2180.0,2001.0,,42003030500,Male,Black
1691.0,2004.0,,42003130700,Male,Black
1406.0,2001.0,,42003523400,Male,Black
1553.0,1996.0,,42003504100,Male,Black
752.0,1993.0,,42003161000,Male,Black
1893.0,2005.0,,42003562400,Male,Black
2138.0,2005.0,,42003563000,Male,Black
1472.0,2003.0,,42003550900,Male,Black
925.0,1995.0,,42003513000,Male,White
1675.0,2003.0,,42003550900,Male,Black
2290.0,1994.0,,42125783300,Male,Black
1750.0,1997.0,,42003492800,Female,Black
281.0,1986.0,,42003509400,Male,Black
963.0,1999.0,,42003561400,Female,Black
2091.0,2005.0,,42003552000,Male,Black
1572.0,2000.0,,42003130800,Male,Black
807.0,1999.0,,42003523501,Male,Black
420.0,1991.0,,42003563900,Male,Black
2158.0,1995.0,,42003564700,Female,Black
1601.0,2004.0,,42003130200,Female,Black
920.0,1996.0,,42003564000,Male,Black
1775.0,2004.0,,42003562500,Male,Black
1024.0,1998.0,,42003564400,Male,Black
1550.0,2004.0,,42003562500,Male,Black
1841.0,1999.0,,42003130700,Male,Black
1250.0,1974.0,,42003477300,Male,Black
1351.0,2003.0,,42003481000,Female,Black
1581.0,2002.0,,42003120900,Male,Black
1059.0,1998.0,,42003120900,Male,Black
946.0,1999.0,,42003509400,Male,Black
614.0,1993.0,,42003140500,Male,Black
207.0,1989.0,,42003564800,Male,Black
1375.0,1996.0,,42003565100,Male,Black
2094.0,2005.0,,42003111500,Male,Black
1569.0,2004.0,,42003300100,Male,Black
1869.0,2004.0,,42003130800,Male,Black
1271.0,2000.0,,42003130800,Male,Black
253.0,1972.0,2024.0,42003523501,Male,Black
1882.0,2003.0,,42003551200,Male,Black
786.0,1995.0,,42003050600,Male,Black
2277.0,2001.0,,42003050100,Male,Black
2130.0,1992.0,,42003111300,Male,Black
2048.0,1988.0,,42003050900,Male,Black
1541.0,1996.0,,42003514000,Male,Black
576.0,1959.0,,42003462100,Male,Black
177.0,1982.0,2019.0,42125762000,Female,White
608.0,1987.0,,42003564400,Male,Black
1125.0,1998.0,,42003120300,Male,Black
145.0,1978.0,,,Male,White
85.0,1985.0,,42003020100,Male,Black
514.0,1994.0,,42003120300,Male,Black
2159.0,1993.0,,42003130600,Male,Black
1420.0,1995.0,,42003515100,Male,Black
1753.0,1994.0,,42003523502,Male,Black
2202.0,1994.0,,42003513000,Male,Black
1852.0,2004.0,,42003486900,Male,Black
1809.0,2004.0,,42003512000,Male,Black
1782.0,2001.0,,42003562500,Male,Black
1556.0,2002.0,,42003483800,Male,Black
2309.0,1995.0,,42003110600,Male,Black
65.0,1989.0,,42003516200,Male,Other
1995.0,2001.0,,42003565300,Female,Black
148.0,1987.0,,42003523400,Male,Black
1959.0,1998.0,,42003510000,Female,Black
1442.0,2001.0,,42003130200,Male,Black
1520.0,2002.0,,42003140500,Male,Black
1973.0,1998.0,,42003514000,Female,Black
1096.0,1996.0,,42003563900,Male,Black
1490.0,2002.0,,42003130800,Male,Black
104.0,1980.0,,,Male,Black
1948.0,2003.0,,42003509400,Male,Black
2270.0,2003.0,,42129800900,Male,Black
704.0,1994.0,,42003552200,Male,Black
1362.0,1996.0,,42003523501,Male,Black
1291.0,2001.0,,42003130600,Male,Black
1168.0,1999.0,,42003020300,Male,Black
1573.0,1999.0,,42003424000,Male,Black
1334.0,2002.0,,42003180300,Male,Black
655.0,1992.0,,42003180700,Male,White
657.0,1990.0,,42003523100,Male,Black
898.0,1991.0,,42003562901,Male,Black
2007.0,1996.0,,42003561400,Male,Black
760.0,1994.0,,42003523100,Male,Black
1074.0,1997.0,,42003560500,Male,Black
178.0,1979.0,,42003561500,Male,Black
901.0,1991.0,,42003110600,Male,Black
1813.0,1995.0,,42003552400,Male,Black
1044.0,2000.0,,42007604000,Male,Black
2093.0,2001.0,,42003561400,Male,Black
1110.0,1997.0,,42003561900,Male,Black
1173.0,1997.0,,42003486800,Male,Black
1577.0,2002.0,,42003523702,Female,Black
533.0,1984.0,,42003462600,Male,Black
1527.0,1997.0,,42003480101,Male,Black
2149.0,2001.0,,42003270800,Male,Black
1794.0,2003.0,,42003508000,Male,Black
1755.0,2003.0,,42003120300,Female,Black
1187.0,1990.0,,42003562500,Male,Black
1172.0,1999.0,,42003030500,Male,Black
1063.0,1982.0,,42003462600,Male,Black
1425.0,1962.0,,42003130800,Female,Black
1690.0,1997.0,,42003486700,Male,Black
63.0,1973.0,,42003499300,Male,Black
1720.0,1996.0,,42003488200,Male,Black
718.0,1977.0,,42003130800,Male,Black
2299.0,2003.0,,42003050600,Male,Black
441.0,1988.0,,42003563900,Male,Black
1853.0,1997.0,,42003563202,Female,Black
520.0,1994.0,,42003120300,Male,Black
1338.0,2002.0,,42003261300,Male,Black
637.0,1978.0,,42003260700,Female,Black
1504.0,2003.0,,42003565200,Female,Black
572.0,1994.0,,42003453004,Male,White
871.0,1995.0,,42003130800,Male,Black
2147.0,2005.0,,42003051000,Male,Black
500.0,1973.0,,42003513800,Male,Black
150.0,1984.0,,42003562800,Male,Black
1272.0,1999.0,,42003523300,Male,Black
1506.0,2001.0,,42003564800,Male,Black
1098.0,1996.0,,42003563900,Male,Black
1453.0,2002.0,,42003040900,Male,Black
1101.0,2000.0,,42003523100,Male,Black
593.0,1982.0,,42003551900,Male,Black
1695.0,1990.0,,42003515100,Male,Black
382.0,1972.0,,42003020100,Male,Black
2254.0,1996.0,,42003020100,Male,Black
1344.0,2002.0,,42003523502,Male,Black
1801.0,2005.0,,42003523200,Male,Black
921.0,1996.0,,42051261700,Male,Black
1485.0,1992.0,,42003561500,Male,Black
1683.0,1993.0,,42003564800,Male,Black
362.0,1988.0,,42003523702,Male,White
756.0,1993.0,,42003520002,Male,Black
1724.0,2002.0,,42003486700,Female,White
343.0,1992.0,,42003564800,Male,Black
1545.0,2002.0,,42003270800,Male,Black
758.0,1979.0,,42003560400,Male,Black
941.0,1969.0,,42003561500,Male,Black
1402.0,1992.0,,42003523702,Male,Black
1205.0,1993.0,,42129800600,Male,Black
1712.0,1995.0,,42003523400,Male,Black
1496.0,1989.0,,42007604500,Male,Black
247.0,1981.0,,42003551900,Male,Black
2199.0,2005.0,,42003500300,Male,Black
1858.0,1996.0,,42003562400,Male,Black
1594.0,2004.0,,42003551900,Male,Black
1528.0,1994.0,2024.0,42003523702,Male,Black
226.0,1980.0,,42073000300,Male,Black
1433.0,1997.0,,42003180700,Male,Black
1079.0,1984.0,,42003170200,Male,Black
844.0,1994.0,,42003130800,Male,Black
1383.0,2001.0,,42003462600,Male,Black
1595.0,1992.0,,42003561400,Male,Black
1395.0,1974.0,,42003468900,Male,White
2248.0,2006.0,,42003510000,Male,Black
1523.0,1998.0,,,Male,Black
2257.0,2004.0,,42003290100,Male,Black
1637.0,2003.0,,42003050600,Male,Black
1358.0,2002.0,,42003300100,Male,Black
808.0,1992.0,,42003483800,Male,Black
1223.0,1995.0,,42003509400,Male,Black
321.0,1994.0,,42003424000,Male,Black
2005.0,1991.0,,42003503002,Male,Black
427.0,1997.0,,42003463900,Male,Black
1451.0,2000.0,,42003120900,Male,Black
2012.0,1993.0,,42003464300,Male,Black
1679.0,2001.0,,42003101400,Male,Black
1898.0,1999.0,,42003270300,Male,White
1786.0,2005.0,,42003564800,Female,Black
682.0,1996.0,,42003477100,Male,Black
2266.0,2004.0,,42003477300,Male,Black
1278.0,1987.0,,42003180700,Female,Black
1848.0,2003.0,,42003050900,Male,Black
1307.0,1997.0,,42003481000,Female,Black
903.0,1994.0,,42003500300,Male,White
2118.0,2000.0,,42003260700,Female,Black
2039.0,2004.0,,42003130800,Female,Black
295.0,1985.0,,42003486800,Male,White
1582.0,1992.0,,42003565200,Male,Black
596.0,1997.0,,42003130800,Male,Black
1435.0,1996.0,,42003180300,Male,White
1455.0,1998.0,,42003130600,Male,Black
628.0,2000.0,,42003270100,Male,Black
1352.0,1998.0,,42003561500,Male,Black
615.0,1979.0,,42003130700,Male,Black
2243.0,1997.0,,42003510000,Male,Black
1389.0,1998.0,,42003523100,Male,Black
1824.0,2001.0,,42003523100,Female,Black
1436.0,2003.0,,42003563900,Female,Black
41.0,1984.0,,42003110200,Female,Black
1066.0,1990.0,,42003130700,Male,Black
1456.0,2001.0,,42003101900,Male,Black
2187.0,2003.0,,42003271600,Male,Black
1388.0,2003.0,,42003521301,Male,Black
8.0,1989.0,,42003130800,Male,Black
1584.0,1996.0,2022.0,42003130600,Male,Black
725.0,1995.0,,42003130600,Male,Black
715.0,1997.0,,42003560500,Male,Black
1217.0,1997.0,,42003260700,Male,Black
1050.0,1979.0,,42003499400,Male,White
1790.0,1981.0,,42003424000,Male,White
1458.0,1997.0,,42003503002,Male,Black
1216.0,1996.0,,42003040200,Male,Black
877.0,1991.0,,42007604100,Male,Black
203.0,1981.0,,42003552100,Male,Black
1846.0,2005.0,,42003521301,Male,Black
394.0,1989.0,,42003101400,Male,Black
2146.0,2006.0,,42003101800,Male,Black
2230.0,2006.0,,42003509400,Male,Black
711.0,1992.0,,42003523702,Male,Black
968.0,1995.0,,42003271600,Male,Black
592.0,1997.0,,42003090300,Male,Black
1274.0,1995.0,,42003562300,Male,Black
1503.0,2003.0,,42003111500,Female,Black
1238.0,2002.0,,42003565200,Male,Black
2107.0,1995.0,,42003101900,Male,Black
1116.0,2000.0,,42003564400,Male,Black
1046.0,2000.0,,42129800200,Male,Black
1559.0,2000.0,,42129800200,Male,Black
862.0,1988.0,2022.0,42129800400,Male,Black
248.0,1991.0,,42003051000,Male,White
561.0,1994.0,,42003523200,Male,Black
289.0,1990.0,,42003401300,Male,White
1649.0,1998.0,,42003271600,Male,Black
1268.0,1992.0,,42003513000,Male,Black
493.0,1995.0,,42003562700,Male,Black
1747.0,2004.0,,42003563900,Male,Black
1097.0,1996.0,,42003262000,Male,Black
77.0,1992.0,,42003523200,Male,Black
1121.0,1993.0,,42003426300,Female,Black
1915.0,1995.0,,42003463900,Male,Black
298.0,1994.0,,42003425000,Male,White
2135.0,2005.0,,42003512000,Male,White
464.0,1973.0,,42003050900,Female,Black
1418.0,1999.0,,42003111400,Male,Black
219.0,1991.0,,42003130700,Male,Black
967.0,1997.0,,42003040900,Male,Black
1977.0,2000.0,,42003562600,Male,Black
2251.0,1986.0,,42007604700,Female,Black
1189.0,1990.0,,42003510000,Male,Black
